use coaching_app;


-- INSERT into coaching
insert into coaching (id, date, country, city, experience_id, expert_id) values (1, '2020-10-31 14:42:23', 'France', 'Montpellier', 22, 22);
insert into coaching (id, date, country, city, experience_id, expert_id) values (2, '2022-04-11 03:37:59', 'France', 'Courtaboeuf', 32, 47);
insert into coaching (id, date, country, city, experience_id, expert_id) values (3, '2020-06-09 13:36:36', 'United States', 'Staten Island', 71, 30);
insert into coaching (id, date, country, city, experience_id, expert_id) values (4, '2020-12-27 12:27:01', 'France', 'Paris 10', 50, 98);
insert into coaching (id, date, country, city, experience_id, expert_id) values (5, '2020-07-29 07:27:31', 'France', 'Nantes', 84, 98);
insert into coaching (id, date, country, city, experience_id, expert_id) values (6, '2020-04-06 23:47:29', 'France', 'Villeneuve-la-Garenne', 48, 21);
insert into coaching (id, date, country, city, experience_id, expert_id) values (7, '2020-12-10 01:46:48', 'France', 'Bergerac', 37, 53);
insert into coaching (id, date, country, city, experience_id, expert_id) values (8, '2021-09-02 10:16:17', 'France', 'Lille', 17, 18);
insert into coaching (id, date, country, city, experience_id, expert_id) values (9, '2019-07-07 19:16:12', 'Germany', 'Berlin', 3, 60);
insert into coaching (id, date, country, city, experience_id, expert_id) values (10, '2019-12-06 12:01:02', 'United States', 'Toledo', 69, 51);
insert into coaching (id, date, country, city, experience_id, expert_id) values (11, '2020-11-27 03:11:56', 'France', 'Béziers', 93, 8);
insert into coaching (id, date, country, city, experience_id, expert_id) values (12, '2021-11-11 14:01:04', 'United Kingdom', 'Tullich', 5, 11);
insert into coaching (id, date, country, city, experience_id, expert_id) values (13, '2019-07-04 18:26:24', 'France', 'Montpellier', 40, 64);
insert into coaching (id, date, country, city, experience_id, expert_id) values (14, '2020-06-22 19:47:44', 'Germany', 'Düsseldorf', 20, 80);
insert into coaching (id, date, country, city, experience_id, expert_id) values (15, '2020-06-22 06:06:39', 'Italy', 'Trieste', 9, 10);
insert into coaching (id, date, country, city, experience_id, expert_id) values (16, '2020-02-01 04:43:43', 'France', 'Le Mans', 90, 14);
insert into coaching (id, date, country, city, experience_id, expert_id) values (17, '2019-09-13 05:29:50', 'United States', 'Tampa', 36, 89);
insert into coaching (id, date, country, city, experience_id, expert_id) values (18, '2020-02-05 16:02:36', 'United States', 'Cedar Rapids', 17, 34);
insert into coaching (id, date, country, city, experience_id, expert_id) values (19, '2021-06-25 11:25:31', 'France', 'Évreux', 15, 6);
insert into coaching (id, date, country, city, experience_id, expert_id) values (20, '2021-09-09 01:04:08', 'United States', 'Vancouver', 59, 66);
insert into coaching (id, date, country, city, experience_id, expert_id) values (21, '2022-05-07 07:13:08', 'United States', 'Santa Barbara', 48, 66);
insert into coaching (id, date, country, city, experience_id, expert_id) values (22, '2021-05-26 06:19:18', 'France', 'Lannion', 92, 99);
insert into coaching (id, date, country, city, experience_id, expert_id) values (23, '2019-09-18 07:46:20', 'France', 'Gap', 90, 18);
insert into coaching (id, date, country, city, experience_id, expert_id) values (24, '2020-08-10 03:59:25', 'France', 'Montauban', 44, 54);
insert into coaching (id, date, country, city, experience_id, expert_id) values (25, '2021-03-16 11:23:19', 'France', 'Guebwiller', 84, 20);
insert into coaching (id, date, country, city, experience_id, expert_id) values (26, '2020-11-08 21:44:01', 'United States', 'Evansville', 78, 6);
insert into coaching (id, date, country, city, experience_id, expert_id) values (27, '2019-08-16 05:18:34', 'Netherlands', 'Leeuwarden', 14, 37);
insert into coaching (id, date, country, city, experience_id, expert_id) values (28, '2021-09-08 00:02:07', 'France', 'Ajaccio', 66, 9);
insert into coaching (id, date, country, city, experience_id, expert_id) values (29, '2021-04-19 14:21:56', 'United States', 'El Paso', 90, 31);
insert into coaching (id, date, country, city, experience_id, expert_id) values (30, '2022-04-20 15:36:46', 'France', 'Les Clayes-sous-Bois', 93, 17);
insert into coaching (id, date, country, city, experience_id, expert_id) values (31, '2021-09-05 23:07:11', 'France', 'Port-de-Bouc', 81, 18);
insert into coaching (id, date, country, city, experience_id, expert_id) values (32, '2020-08-17 22:11:23', 'France', 'Beauvais', 63, 80);
insert into coaching (id, date, country, city, experience_id, expert_id) values (33, '2022-02-27 00:35:08', 'United States', 'Miami', 92, 5);
insert into coaching (id, date, country, city, experience_id, expert_id) values (34, '2019-09-16 20:18:18', 'Netherlands', 'Eindhoven', 18, 29);
insert into coaching (id, date, country, city, experience_id, expert_id) values (35, '2020-06-16 22:54:04', 'France', 'Pau', 11, 42);
insert into coaching (id, date, country, city, experience_id, expert_id) values (36, '2019-09-11 01:38:34', 'France', 'Paris 15', 37, 99);
insert into coaching (id, date, country, city, experience_id, expert_id) values (37, '2021-12-15 01:14:39', 'United States', 'Las Vegas', 82, 52);
insert into coaching (id, date, country, city, experience_id, expert_id) values (38, '2020-12-28 08:23:30', 'United States', 'Asheville', 65, 91);
insert into coaching (id, date, country, city, experience_id, expert_id) values (39, '2019-09-18 21:44:04', 'United States', 'Saint Louis', 3, 1);
insert into coaching (id, date, country, city, experience_id, expert_id) values (40, '2019-08-13 14:02:26', 'France', 'Chelles', 2, 70);
insert into coaching (id, date, country, city, experience_id, expert_id) values (41, '2020-06-14 15:57:06', 'France', 'Domont', 28, 15);
insert into coaching (id, date, country, city, experience_id, expert_id) values (42, '2020-09-12 01:49:18', 'France', 'Marseille', 1, 30);
insert into coaching (id, date, country, city, experience_id, expert_id) values (43, '2021-08-25 00:41:18', 'United Kingdom', 'Aberdeen', 72, 78);
insert into coaching (id, date, country, city, experience_id, expert_id) values (44, '2020-12-20 23:23:19', 'United States', 'Toledo', 64, 3);
insert into coaching (id, date, country, city, experience_id, expert_id) values (45, '2020-11-16 23:59:03', 'France', 'Nice', 52, 78);
insert into coaching (id, date, country, city, experience_id, expert_id) values (46, '2019-10-05 06:58:25', 'Netherlands', 'Schiedam postbusnummers', 23, 36);
insert into coaching (id, date, country, city, experience_id, expert_id) values (47, '2022-05-13 13:35:43', 'United States', 'Wilkes Barre', 3, 94);
insert into coaching (id, date, country, city, experience_id, expert_id) values (48, '2020-03-07 12:51:50', 'United States', 'Houston', 48, 21);
insert into coaching (id, date, country, city, experience_id, expert_id) values (49, '2022-02-17 10:27:25', 'France', 'Saint-Jean-de-Luz', 51, 48);
insert into coaching (id, date, country, city, experience_id, expert_id) values (50, '2021-03-27 08:27:59', 'United States', 'Wichita', 71, 24);
insert into coaching (id, date, country, city, experience_id, expert_id) values (51, '2022-01-06 09:00:39', 'United States', 'San Diego', 30, 17);
insert into coaching (id, date, country, city, experience_id, expert_id) values (52, '2021-12-22 08:18:09', 'France', 'Le Cannet', 56, 25);
insert into coaching (id, date, country, city, experience_id, expert_id) values (53, '2021-05-16 07:11:06', 'France', 'Méru', 68, 74);
insert into coaching (id, date, country, city, experience_id, expert_id) values (54, '2021-05-07 23:19:16', 'France', 'Aix-en-Provence', 56, 60);
insert into coaching (id, date, country, city, experience_id, expert_id) values (55, '2020-11-03 01:58:36', 'France', 'Saint-Cloud', 86, 50);
insert into coaching (id, date, country, city, experience_id, expert_id) values (56, '2019-07-10 12:15:16', 'United States', 'Erie', 66, 89);
insert into coaching (id, date, country, city, experience_id, expert_id) values (57, '2021-10-03 10:29:14', 'France', 'Pouzauges', 54, 10);
insert into coaching (id, date, country, city, experience_id, expert_id) values (58, '2020-07-05 15:34:54', 'United States', 'Hampton', 46, 39);
insert into coaching (id, date, country, city, experience_id, expert_id) values (59, '2021-10-05 21:36:54', 'France', 'Mâcon', 24, 8);
insert into coaching (id, date, country, city, experience_id, expert_id) values (60, '2019-07-13 17:14:22', 'France', 'Paris 08', 10, 76);
insert into coaching (id, date, country, city, experience_id, expert_id) values (61, '2021-07-26 00:40:57', 'France', 'Paris 08', 29, 24);
insert into coaching (id, date, country, city, experience_id, expert_id) values (62, '2020-09-26 09:24:07', 'United States', 'San Antonio', 3, 68);
insert into coaching (id, date, country, city, experience_id, expert_id) values (63, '2021-06-26 19:25:41', 'United States', 'Louisville', 42, 84);
insert into coaching (id, date, country, city, experience_id, expert_id) values (64, '2022-04-26 23:44:39', 'France', 'La Plaine-Saint-Denis', 95, 12);
insert into coaching (id, date, country, city, experience_id, expert_id) values (65, '2020-05-24 22:14:32', 'France', 'Rungis', 46, 55);
insert into coaching (id, date, country, city, experience_id, expert_id) values (66, '2019-12-17 14:33:25', 'France', 'Chennevières-sur-Marne', 80, 91);
insert into coaching (id, date, country, city, experience_id, expert_id) values (67, '2021-08-22 03:54:06', 'United States', 'Los Angeles', 91, 85);
insert into coaching (id, date, country, city, experience_id, expert_id) values (68, '2020-12-22 05:08:27', 'France', 'Nice', 99, 37);
insert into coaching (id, date, country, city, experience_id, expert_id) values (69, '2019-11-18 07:50:18', 'United States', 'London', 45, 42);
insert into coaching (id, date, country, city, experience_id, expert_id) values (70, '2021-10-06 22:35:27', 'France', 'Lyon', 92, 23);
insert into coaching (id, date, country, city, experience_id, expert_id) values (71, '2021-11-28 08:41:08', 'United States', 'Memphis', 78, 37);
insert into coaching (id, date, country, city, experience_id, expert_id) values (72, '2022-06-06 07:27:13', 'France', 'Paris La Défense', 80, 71);
insert into coaching (id, date, country, city, experience_id, expert_id) values (73, '2019-08-05 22:12:34', 'France', 'Béziers', 87, 12);
insert into coaching (id, date, country, city, experience_id, expert_id) values (74, '2021-01-14 08:31:06', 'Germany', 'Osnabrück', 48, 66);
insert into coaching (id, date, country, city, experience_id, expert_id) values (75, '2020-01-24 07:18:31', 'France', 'Montauban', 33, 55);
insert into coaching (id, date, country, city, experience_id, expert_id) values (76, '2021-12-23 23:10:46', 'France', 'Toulouse', 85, 87);
insert into coaching (id, date, country, city, experience_id, expert_id) values (77, '2021-05-28 06:43:56', 'France', 'Paris 16', 21, 5);
insert into coaching (id, date, country, city, experience_id, expert_id) values (78, '2022-03-04 18:54:04', 'United States', 'Greensboro', 60, 27);
insert into coaching (id, date, country, city, experience_id, expert_id) values (79, '2020-06-15 15:09:40', 'France', 'Saint-Herblain', 28, 31);
insert into coaching (id, date, country, city, experience_id, expert_id) values (80, '2022-03-17 13:19:26', 'France', 'Brie-Comte-Robert', 75, 81);
insert into coaching (id, date, country, city, experience_id, expert_id) values (81, '2019-08-31 21:55:58', 'United States', 'El Paso', 14, 39);
insert into coaching (id, date, country, city, experience_id, expert_id) values (82, '2020-11-14 05:37:02', 'United States', 'Dallas', 35, 92);
insert into coaching (id, date, country, city, experience_id, expert_id) values (83, '2020-04-12 22:10:08', 'France', 'Lille', 53, 75);
insert into coaching (id, date, country, city, experience_id, expert_id) values (84, '2021-09-25 22:42:38', 'Netherlands', 'Utrecht (stad)', 41, 46);
insert into coaching (id, date, country, city, experience_id, expert_id) values (85, '2021-12-17 04:19:14', 'Netherlands', 'Leeuwarden', 56, 85);
insert into coaching (id, date, country, city, experience_id, expert_id) values (86, '2022-01-19 07:03:15', 'Netherlands', 'Tilburg', 35, 72);
insert into coaching (id, date, country, city, experience_id, expert_id) values (87, '2019-09-24 10:26:19', 'France', 'Rivesaltes', 67, 45);
insert into coaching (id, date, country, city, experience_id, expert_id) values (88, '2020-03-13 04:54:21', 'France', 'Bressuire', 78, 79);
insert into coaching (id, date, country, city, experience_id, expert_id) values (89, '2020-03-01 11:48:17', 'France', 'Arras', 41, 25);
insert into coaching (id, date, country, city, experience_id, expert_id) values (90, '2019-07-25 15:51:13', 'United States', 'Milwaukee', 24, 89);
insert into coaching (id, date, country, city, experience_id, expert_id) values (91, '2020-03-14 02:52:12', 'France', 'Tourcoing', 5, 71);
insert into coaching (id, date, country, city, experience_id, expert_id) values (92, '2019-12-15 18:46:06', 'United States', 'Peoria', 64, 7);
insert into coaching (id, date, country, city, experience_id, expert_id) values (93, '2022-01-02 14:11:47', 'France', 'Saint-Grégoire', 3, 52);
insert into coaching (id, date, country, city, experience_id, expert_id) values (94, '2020-01-08 10:33:47', 'France', 'Meaux', 54, 73);
insert into coaching (id, date, country, city, experience_id, expert_id) values (95, '2020-06-06 00:33:35', 'United States', 'Springfield', 55, 63);
insert into coaching (id, date, country, city, experience_id, expert_id) values (96, '2020-05-17 23:15:39', 'United States', 'New York City', 30, 62);
insert into coaching (id, date, country, city, experience_id, expert_id) values (97, '2021-02-07 14:17:33', 'United States', 'Little Rock', 37, 47);
insert into coaching (id, date, country, city, experience_id, expert_id) values (98, '2022-03-04 16:44:42', 'France', 'Bordeaux', 48, 55);
insert into coaching (id, date, country, city, experience_id, expert_id) values (99, '2020-02-29 02:58:31', 'United States', 'Hartford', 1, 82);
insert into coaching (id, date, country, city, experience_id, expert_id) values (100, '2021-10-03 01:58:51', 'France', 'Niort', 14, 99);
insert into coaching (id, date, country, city, experience_id, expert_id) values (101, '2022-05-04 08:02:05', 'United States', 'Tucson', 33, 96);
insert into coaching (id, date, country, city, experience_id, expert_id) values (102, '2019-08-07 15:03:27', 'France', 'Schirmeck', 30, 33);
insert into coaching (id, date, country, city, experience_id, expert_id) values (103, '2020-02-14 19:57:34', 'France', 'Bobigny', 14, 98);
insert into coaching (id, date, country, city, experience_id, expert_id) values (104, '2022-05-07 18:20:59', 'France', 'Angers', 36, 73);
insert into coaching (id, date, country, city, experience_id, expert_id) values (105, '2020-02-11 17:54:49', 'Netherlands', 'Vlissingen', 95, 8);
insert into coaching (id, date, country, city, experience_id, expert_id) values (106, '2022-01-16 09:13:12', 'France', 'Saint-Amand-les-Eaux', 37, 68);
insert into coaching (id, date, country, city, experience_id, expert_id) values (107, '2021-02-10 22:57:58', 'Netherlands', 'Apeldoorn', 59, 17);
insert into coaching (id, date, country, city, experience_id, expert_id) values (108, '2019-07-18 12:22:53', 'United States', 'Nashville', 64, 23);
insert into coaching (id, date, country, city, experience_id, expert_id) values (109, '2022-02-16 04:33:29', 'United States', 'Omaha', 21, 89);
insert into coaching (id, date, country, city, experience_id, expert_id) values (110, '2021-08-17 22:42:18', 'United States', 'Santa Ana', 78, 13);
insert into coaching (id, date, country, city, experience_id, expert_id) values (111, '2019-12-09 10:33:23', 'France', 'Goussainville', 100, 71);
insert into coaching (id, date, country, city, experience_id, expert_id) values (112, '2020-07-05 22:19:20', 'France', 'Bagnolet', 77, 52);
insert into coaching (id, date, country, city, experience_id, expert_id) values (113, '2021-06-15 13:54:02', 'United States', 'Cincinnati', 26, 46);
insert into coaching (id, date, country, city, experience_id, expert_id) values (114, '2022-03-17 07:08:43', 'France', 'Dunkerque', 64, 92);
insert into coaching (id, date, country, city, experience_id, expert_id) values (115, '2020-10-31 01:48:50', 'United States', 'Frankfort', 94, 10);
insert into coaching (id, date, country, city, experience_id, expert_id) values (116, '2021-01-22 11:15:11', 'United States', 'Sioux Falls', 38, 85);
insert into coaching (id, date, country, city, experience_id, expert_id) values (117, '2019-09-12 14:55:08', 'United Kingdom', 'Stapleford', 39, 66);
insert into coaching (id, date, country, city, experience_id, expert_id) values (118, '2020-02-17 17:58:37', 'Germany', 'Dresden', 11, 86);
insert into coaching (id, date, country, city, experience_id, expert_id) values (119, '2021-12-08 14:16:09', 'France', 'Les Clayes-sous-Bois', 26, 56);
insert into coaching (id, date, country, city, experience_id, expert_id) values (120, '2021-06-10 14:21:05', 'Italy', 'Firenze', 49, 87);
insert into coaching (id, date, country, city, experience_id, expert_id) values (121, '2021-09-10 04:23:50', 'France', 'Abbeville', 99, 91);
insert into coaching (id, date, country, city, experience_id, expert_id) values (122, '2021-03-24 12:47:22', 'France', 'Marseille', 88, 25);
insert into coaching (id, date, country, city, experience_id, expert_id) values (123, '2020-04-08 00:57:33', 'Italy', 'Roma', 12, 30);
insert into coaching (id, date, country, city, experience_id, expert_id) values (124, '2021-04-09 11:10:36', 'United Kingdom', 'Norton', 75, 60);
insert into coaching (id, date, country, city, experience_id, expert_id) values (125, '2021-01-01 12:15:26', 'France', 'Clermont-Ferrand', 46, 25);
insert into coaching (id, date, country, city, experience_id, expert_id) values (126, '2020-10-11 07:28:27', 'France', 'Toulouse', 24, 40);
insert into coaching (id, date, country, city, experience_id, expert_id) values (127, '2020-04-12 14:19:57', 'United Kingdom', 'Sutton', 83, 27);
insert into coaching (id, date, country, city, experience_id, expert_id) values (128, '2019-12-09 06:48:09', 'France', 'Paris 13', 63, 30);
insert into coaching (id, date, country, city, experience_id, expert_id) values (129, '2019-11-10 19:39:03', 'United States', 'Reno', 49, 80);
insert into coaching (id, date, country, city, experience_id, expert_id) values (130, '2020-09-15 14:48:02', 'Netherlands', '''s-Hertogenbosch', 97, 33);
insert into coaching (id, date, country, city, experience_id, expert_id) values (131, '2022-01-11 05:04:52', 'France', 'Saint-Quentin-en-Yvelines', 41, 64);
insert into coaching (id, date, country, city, experience_id, expert_id) values (132, '2021-04-06 07:18:39', 'United States', 'Fort Worth', 12, 11);
insert into coaching (id, date, country, city, experience_id, expert_id) values (133, '2020-02-06 12:28:22', 'France', 'Armentières', 76, 8);
insert into coaching (id, date, country, city, experience_id, expert_id) values (134, '2022-06-03 03:19:51', 'United States', 'Washington', 50, 18);
insert into coaching (id, date, country, city, experience_id, expert_id) values (135, '2021-09-11 07:31:19', 'United States', 'Jamaica', 79, 24);
insert into coaching (id, date, country, city, experience_id, expert_id) values (136, '2022-04-17 06:15:33', 'United States', 'Jackson', 63, 52);
insert into coaching (id, date, country, city, experience_id, expert_id) values (137, '2020-12-23 13:46:51', 'France', 'Besançon', 16, 70);
insert into coaching (id, date, country, city, experience_id, expert_id) values (138, '2020-07-23 07:43:01', 'Germany', 'Berlin', 66, 37);
insert into coaching (id, date, country, city, experience_id, expert_id) values (139, '2021-04-18 12:25:15', 'France', 'Maisons-Laffitte', 79, 51);
insert into coaching (id, date, country, city, experience_id, expert_id) values (140, '2020-06-25 12:36:37', 'Italy', 'Firenze', 23, 27);
insert into coaching (id, date, country, city, experience_id, expert_id) values (141, '2022-01-09 13:03:29', 'France', 'Annecy', 43, 7);
insert into coaching (id, date, country, city, experience_id, expert_id) values (142, '2020-10-03 11:30:38', 'France', 'Nice', 8, 38);
insert into coaching (id, date, country, city, experience_id, expert_id) values (143, '2022-05-06 19:32:46', 'Germany', 'Duisburg', 26, 3);
insert into coaching (id, date, country, city, experience_id, expert_id) values (144, '2021-04-12 12:38:36', 'France', 'Laxou', 92, 63);
insert into coaching (id, date, country, city, experience_id, expert_id) values (145, '2019-10-08 00:30:18', 'United Kingdom', 'Liverpool', 85, 80);
insert into coaching (id, date, country, city, experience_id, expert_id) values (146, '2019-10-26 10:24:39', 'France', 'Villeneuve-lès-Avignon', 17, 88);
insert into coaching (id, date, country, city, experience_id, expert_id) values (147, '2019-10-29 03:14:33', 'France', 'Cergy-Pontoise', 7, 6);
insert into coaching (id, date, country, city, experience_id, expert_id) values (148, '2020-05-05 01:13:29', 'France', 'L''Union', 50, 47);
insert into coaching (id, date, country, city, experience_id, expert_id) values (149, '2020-02-18 00:54:36', 'Netherlands', 'Nijmegen', 10, 55);
insert into coaching (id, date, country, city, experience_id, expert_id) values (150, '2020-06-07 14:06:15', 'France', 'Issy-les-Moulineaux', 1, 49);
insert into coaching (id, date, country, city, experience_id, expert_id) values (151, '2021-05-14 20:31:39', 'France', 'Cergy-Pontoise', 37, 46);
insert into coaching (id, date, country, city, experience_id, expert_id) values (152, '2019-12-30 11:54:37', 'United States', 'Seattle', 72, 90);
insert into coaching (id, date, country, city, experience_id, expert_id) values (153, '2022-04-26 06:19:40', 'United States', 'Amarillo', 58, 96);
insert into coaching (id, date, country, city, experience_id, expert_id) values (154, '2021-12-27 22:25:48', 'France', 'Évry', 29, 45);
insert into coaching (id, date, country, city, experience_id, expert_id) values (155, '2020-10-18 01:09:45', 'United States', 'Washington', 82, 69);
insert into coaching (id, date, country, city, experience_id, expert_id) values (156, '2021-03-08 20:19:10', 'France', 'Cagnes-sur-Mer', 60, 12);
insert into coaching (id, date, country, city, experience_id, expert_id) values (157, '2019-07-29 08:47:59', 'United States', 'Kansas City', 47, 93);
insert into coaching (id, date, country, city, experience_id, expert_id) values (158, '2020-06-04 12:48:19', 'United States', 'Topeka', 21, 74);
insert into coaching (id, date, country, city, experience_id, expert_id) values (159, '2020-07-04 00:41:53', 'United States', 'San Jose', 77, 95);
insert into coaching (id, date, country, city, experience_id, expert_id) values (160, '2021-01-05 02:01:38', 'Italy', 'Firenze', 32, 23);
insert into coaching (id, date, country, city, experience_id, expert_id) values (161, '2021-11-28 05:03:29', 'France', 'Cagnes-sur-Mer', 55, 26);
insert into coaching (id, date, country, city, experience_id, expert_id) values (162, '2020-11-17 21:44:51', 'Netherlands', 'Bussum', 42, 97);
insert into coaching (id, date, country, city, experience_id, expert_id) values (163, '2022-03-23 09:40:10', 'United States', 'Lawrenceville', 94, 28);
insert into coaching (id, date, country, city, experience_id, expert_id) values (164, '2021-11-07 13:47:19', 'Netherlands', 'Hoorn', 18, 65);
insert into coaching (id, date, country, city, experience_id, expert_id) values (165, '2020-09-24 17:38:07', 'France', 'Pau', 45, 60);
insert into coaching (id, date, country, city, experience_id, expert_id) values (166, '2021-07-22 18:44:15', 'France', 'Lyon', 20, 25);
insert into coaching (id, date, country, city, experience_id, expert_id) values (167, '2019-09-29 19:20:56', 'United States', 'Jamaica', 56, 8);
insert into coaching (id, date, country, city, experience_id, expert_id) values (168, '2022-02-19 15:12:59', 'Italy', 'Milano', 99, 90);
insert into coaching (id, date, country, city, experience_id, expert_id) values (169, '2021-01-22 11:57:11', 'United States', 'San Francisco', 62, 49);
insert into coaching (id, date, country, city, experience_id, expert_id) values (170, '2021-03-09 02:44:18', 'United States', 'Fort Smith', 50, 41);
insert into coaching (id, date, country, city, experience_id, expert_id) values (171, '2022-05-31 07:47:02', 'United States', 'Saint Petersburg', 47, 99);
insert into coaching (id, date, country, city, experience_id, expert_id) values (172, '2019-09-11 20:36:08', 'United States', 'Orlando', 55, 13);
insert into coaching (id, date, country, city, experience_id, expert_id) values (173, '2020-12-31 05:58:00', 'Germany', 'München', 84, 30);
insert into coaching (id, date, country, city, experience_id, expert_id) values (174, '2022-01-01 22:54:20', 'France', 'Arras', 77, 68);
insert into coaching (id, date, country, city, experience_id, expert_id) values (175, '2022-04-13 04:36:31', 'Germany', 'Wuppertal', 62, 2);
insert into coaching (id, date, country, city, experience_id, expert_id) values (176, '2020-08-13 18:00:36', 'United States', 'Atlanta', 53, 13);
insert into coaching (id, date, country, city, experience_id, expert_id) values (177, '2020-11-02 03:28:27', 'United States', 'Minneapolis', 72, 92);
insert into coaching (id, date, country, city, experience_id, expert_id) values (178, '2020-11-25 22:18:10', 'United States', 'Houston', 44, 88);
insert into coaching (id, date, country, city, experience_id, expert_id) values (179, '2020-12-07 09:08:47', 'France', 'Évry', 75, 51);
insert into coaching (id, date, country, city, experience_id, expert_id) values (180, '2019-09-24 23:40:00', 'France', 'Saint-Pierre-des-Corps', 52, 51);
insert into coaching (id, date, country, city, experience_id, expert_id) values (181, '2022-04-29 12:32:04', 'France', 'Suresnes', 18, 46);
insert into coaching (id, date, country, city, experience_id, expert_id) values (182, '2020-07-28 14:05:45', 'United States', 'Memphis', 42, 34);
insert into coaching (id, date, country, city, experience_id, expert_id) values (183, '2020-09-26 23:08:32', 'France', 'Longjumeau', 21, 32);
insert into coaching (id, date, country, city, experience_id, expert_id) values (184, '2019-12-02 08:18:04', 'United States', 'Seattle', 90, 1);
insert into coaching (id, date, country, city, experience_id, expert_id) values (185, '2020-12-23 10:59:52', 'France', 'Gardanne', 66, 83);
insert into coaching (id, date, country, city, experience_id, expert_id) values (186, '2020-05-17 16:52:26', 'France', 'Besançon', 38, 41);
insert into coaching (id, date, country, city, experience_id, expert_id) values (187, '2019-09-13 08:03:10', 'United States', 'Ocala', 19, 32);
insert into coaching (id, date, country, city, experience_id, expert_id) values (188, '2021-07-20 05:28:52', 'Netherlands', 'Haarlem', 9, 63);
insert into coaching (id, date, country, city, experience_id, expert_id) values (189, '2021-07-08 07:07:32', 'Italy', 'Trieste', 48, 97);
insert into coaching (id, date, country, city, experience_id, expert_id) values (190, '2022-01-15 00:16:03', 'United States', 'Manassas', 5, 19);
insert into coaching (id, date, country, city, experience_id, expert_id) values (191, '2022-03-30 18:23:44', 'France', 'Besançon', 71, 70);
insert into coaching (id, date, country, city, experience_id, expert_id) values (192, '2021-01-04 23:35:46', 'Netherlands', 'Heemstede', 55, 97);
insert into coaching (id, date, country, city, experience_id, expert_id) values (193, '2022-05-10 00:04:25', 'United States', 'Amarillo', 59, 61);
insert into coaching (id, date, country, city, experience_id, expert_id) values (194, '2022-02-19 23:02:32', 'France', 'La Roche-sur-Yon', 78, 100);
insert into coaching (id, date, country, city, experience_id, expert_id) values (195, '2022-03-03 18:33:04', 'Germany', 'Kiel', 39, 99);
insert into coaching (id, date, country, city, experience_id, expert_id) values (196, '2019-09-08 13:07:21', 'United States', 'Dallas', 62, 52);
insert into coaching (id, date, country, city, experience_id, expert_id) values (197, '2020-05-30 04:08:42', 'United States', 'New York City', 53, 75);
insert into coaching (id, date, country, city, experience_id, expert_id) values (198, '2019-09-30 08:34:31', 'France', 'Évry', 98, 68);
insert into coaching (id, date, country, city, experience_id, expert_id) values (199, '2020-08-31 09:20:18', 'United States', 'Fort Wayne', 83, 43);
insert into coaching (id, date, country, city, experience_id, expert_id) values (200, '2022-03-15 18:19:59', 'United States', 'Columbus', 8, 41);










-- INSERT Experience Table
insert into experience (id, name, duration_Years, dtype, experience_id) values (1, 'UK Tax', 9, 'Sequence', 60);
insert into experience (id, name, duration_Years, dtype, experience_id) values (2, 'Patrol', 9, 'Sequence', null);
insert into experience (id, name, duration_Years, dtype, experience_id) values (3, 'Ocular Disease', 5, 'Sequence', null);
insert into experience (id, name, duration_Years, dtype, experience_id) values (4, 'UltraTax', 3, 'Sequence', 64);
insert into experience (id, name, duration_Years, dtype, experience_id) values (5, 'WTO', 1, 'Sequence', 15);
insert into experience (id, name, duration_Years, dtype, experience_id) values (6, 'GDS systems', 10, 'Sequence', 62);
insert into experience (id, name, duration_Years, dtype, experience_id) values (7, 'CST Microwave Studio', 7, 'Sequence', 43);
insert into experience (id, name, duration_Years, dtype, experience_id) values (8, 'NPDES', 14, 'Sequence', null);
insert into experience (id, name, duration_Years, dtype, experience_id) values (9, 'WML', 11, 'Sequence', null);
insert into experience (id, name, duration_Years, dtype, experience_id) values (10, 'FTO', 4, 'Sequence', 58);
insert into experience (id, name, duration_Years, dtype, experience_id) values (11, 'MbUnit', 8, 'Sequence', 56);
insert into experience (id, name, duration_Years, dtype, experience_id) values (12, 'UAV', 7, 'Sequence', null);
insert into experience (id, name, duration_Years, dtype, experience_id) values (13, 'Type Rating', 4, 'Sequence', null);
insert into experience (id, name, duration_Years, dtype, experience_id) values (14, 'KnockoutJS', 11, 'Sequence', null);
insert into experience (id, name, duration_Years, dtype, experience_id) values (15, 'Sap Fm', 2, 'Sequence', 17);
insert into experience (id, name, duration_Years, dtype, experience_id) values (16, 'Cerner CCL', 11, 'Sequence', null);
insert into experience (id, name, duration_Years, dtype, experience_id) values (17, 'VMware ESX', 14, 'Sequence', 93);
insert into experience (id, name, duration_Years, dtype, experience_id) values (18, 'Fashion Blogging', 15, 'Sequence', 57);
insert into experience (id, name, duration_Years, dtype, experience_id) values (19, 'WTL', 15, 'Sequence', 7);
insert into experience (id, name, duration_Years, dtype, experience_id) values (20, 'CA Unicenter NSM', 7, 'Sequence', 15);
insert into experience (id, name, duration_Years, dtype, experience_id) values (21, 'Documentation', 12, 'Sequence', 18);
insert into experience (id, name, duration_Years, dtype, experience_id) values (22, 'Distributed Systems', 4, 'Sequence', 52);
insert into experience (id, name, duration_Years, dtype, experience_id) values (23, 'Art History', 3, 'Sequence', null);
insert into experience (id, name, duration_Years, dtype, experience_id) values (24, 'MPBGP', 6, 'Sequence', 85);
insert into experience (id, name, duration_Years, dtype, experience_id) values (25, 'Three.js', 10, 'Sequence', 13);
insert into experience (id, name, duration_Years, dtype, experience_id) values (26, 'DCL', 2, 'Sequence', null);
insert into experience (id, name, duration_Years, dtype, experience_id) values (27, 'Airline Management', 2, 'Sequence', 6);
insert into experience (id, name, duration_Years, dtype, experience_id) values (28, 'HTTPS', 14, 'Sequence', null);
insert into experience (id, name, duration_Years, dtype, experience_id) values (29, 'VMI', 6, 'Sequence', 89);
insert into experience (id, name, duration_Years, dtype, experience_id) values (30, 'Koine Greek', 9, 'Sequence', 74);
insert into experience (id, name, duration_Years, dtype, experience_id) values (31, 'ZoomText', 4, 'Sequence', null);
insert into experience (id, name, duration_Years, dtype, experience_id) values (32, 'Phase II Subsurface Investigations', 13, 'Sequence', null);
insert into experience (id, name, duration_Years, dtype, experience_id) values (33, 'Disaster Recovery', 11, 'Sequence', null);
insert into experience (id, name, duration_Years, dtype, experience_id) values (34, 'TPR', 13, 'Sequence', 67);
insert into experience (id, name, duration_Years, dtype, experience_id) values (35, 'DSLR', 6, 'Sequence', null);
insert into experience (id, name, duration_Years, dtype, experience_id) values (36, 'VPython', 5, 'Sequence', null);
insert into experience (id, name, duration_Years, dtype, experience_id) values (37, 'ICEM CFD', 2, 'Sequence', 89);
insert into experience (id, name, duration_Years, dtype, experience_id) values (38, 'PWB', 9, 'Sequence', null);
insert into experience (id, name, duration_Years, dtype, experience_id) values (39, 'Sony HDV', 4, 'Sequence', 13);
insert into experience (id, name, duration_Years, dtype, experience_id) values (40, 'Xinet', 13, 'Sequence', null);
insert into experience (id, name, duration_Years, dtype, experience_id) values (41, 'UL', 12, 'Sequence', null);
insert into experience (id, name, duration_Years, dtype, experience_id) values (42, 'AES', 7, 'Sequence', null);
insert into experience (id, name, duration_Years, dtype, experience_id) values (43, 'TMS320', 1, 'Sequence', null);
insert into experience (id, name, duration_Years, dtype, experience_id) values (44, 'Audio Engineering', 2, 'Sequence', null);
insert into experience (id, name, duration_Years, dtype, experience_id) values (45, 'Ships', 9, 'Sequence', 77);
insert into experience (id, name, duration_Years, dtype, experience_id) values (46, 'HP NonStop', 12, 'Sequence', null);
insert into experience (id, name, duration_Years, dtype, experience_id) values (47, 'DB2', 3, 'Sequence', 43);
insert into experience (id, name, duration_Years, dtype, experience_id) values (48, 'SAP PP', 9, 'Sequence', null);
insert into experience (id, name, duration_Years, dtype, experience_id) values (49, 'Venipuncture', 6, 'Sequence', 76);
insert into experience (id, name, duration_Years, dtype, experience_id) values (50, 'DX200', 8, 'Sequence', 15);
insert into experience (id, name, duration_Years, dtype, experience_id) values (51, 'HTML', 9, 'Sequence', null);
insert into experience (id, name, duration_Years, dtype, experience_id) values (52, 'TPNS', 4, 'Sequence', null);
insert into experience (id, name, duration_Years, dtype, experience_id) values (53, 'Member of IEEE', 5, 'Sequence', 50);
insert into experience (id, name, duration_Years, dtype, experience_id) values (54, 'Job Evaluation', 3, 'Sequence', null);
insert into experience (id, name, duration_Years, dtype, experience_id) values (55, 'Citrix XenApp', 5, 'Sequence', null);
insert into experience (id, name, duration_Years, dtype, experience_id) values (56, 'Rooms Division', 10, 'Sequence', null);
insert into experience (id, name, duration_Years, dtype, experience_id) values (57, 'RIP', 6, 'Sequence', null);
insert into experience (id, name, duration_Years, dtype, experience_id) values (58, 'Trade Marketing', 5, 'Sequence', null);
insert into experience (id, name, duration_Years, dtype, experience_id) values (59, 'Novels', 11, 'Sequence', null);
insert into experience (id, name, duration_Years, dtype, experience_id) values (60, 'English', 15, 'Sequence', null);
insert into experience (id, name, duration_Years, dtype, experience_id) values (61, 'Computer Hardware', 12, 'Sequence', null);
insert into experience (id, name, duration_Years, dtype, experience_id) values (62, 'Grant Writing', 11, 'Sequence', 54);
insert into experience (id, name, duration_Years, dtype, experience_id) values (63, 'DMR', 5, 'Sequence', null);
insert into experience (id, name, duration_Years, dtype, experience_id) values (64, 'Blood Pressure', 11, 'Sequence', null);
insert into experience (id, name, duration_Years, dtype, experience_id) values (65, 'Autism Spectrum Disorders', 12, 'Sequence', 18);
insert into experience (id, name, duration_Years, dtype, experience_id) values (66, 'vBlock', 14, 'Sequence', null);
insert into experience (id, name, duration_Years, dtype, experience_id) values (67, 'SSBI', 8, 'Sequence', null);
insert into experience (id, name, duration_Years, dtype, experience_id) values (68, 'iWeb', 2, 'Sequence', null);
insert into experience (id, name, duration_Years, dtype, experience_id) values (69, 'DVB-S2', 2, 'Sequence', null);
insert into experience (id, name, duration_Years, dtype, experience_id) values (70, 'Sports Writing', 10, 'Sequence', null);
insert into experience (id, name, duration_Years, dtype, experience_id) values (71, 'Zephyr', 11, 'Sequence', null);
insert into experience (id, name, duration_Years, dtype, experience_id) values (72, 'Qigong', 12, 'Sequence', null);
insert into experience (id, name, duration_Years, dtype, experience_id) values (73, 'MBR', 8, 'Sequence', null);
insert into experience (id, name, duration_Years, dtype, experience_id) values (74, 'For Sale By Owner', 8, 'Sequence', null);
insert into experience (id, name, duration_Years, dtype, experience_id) values (75, 'Executive Search', 13, 'Sequence', 88);
insert into experience (id, name, duration_Years, dtype, experience_id) values (76, 'US Tax', 9, 'Sequence', 56);
insert into experience (id, name, duration_Years, dtype, experience_id) values (77, 'Highways', 3, 'Sequence', null);
insert into experience (id, name, duration_Years, dtype, experience_id) values (78, 'Nanofabrication', 1, 'Sequence', 79);
insert into experience (id, name, duration_Years, dtype, experience_id) values (79, 'Xara', 9, 'Sequence', null);
insert into experience (id, name, duration_Years, dtype, experience_id) values (80, 'TLM', 5, 'Sequence', null);
insert into experience (id, name, duration_Years, dtype, experience_id) values (81, 'Norton Ghost', 11, 'Sequence', null);
insert into experience (id, name, duration_Years, dtype, experience_id) values (82, 'TV Distribution', 14, 'Sequence', 84);
insert into experience (id, name, duration_Years, dtype, experience_id) values (83, 'HSE auditing', 6, 'Sequence', 86);
insert into experience (id, name, duration_Years, dtype, experience_id) values (84, 'BMC Remedy Administration', 7, 'Sequence', null);
insert into experience (id, name, duration_Years, dtype, experience_id) values (85, 'Software Testing Life Cycle', 1, 'Sequence', 92);
insert into experience (id, name, duration_Years, dtype, experience_id) values (86, 'PIX', 9, 'Sequence', null);
insert into experience (id, name, duration_Years, dtype, experience_id) values (87, 'KOL Development', 4, 'Sequence', 16);
insert into experience (id, name, duration_Years, dtype, experience_id) values (88, 'RSVP', 2, 'Sequence', 43);
insert into experience (id, name, duration_Years, dtype, experience_id) values (89, 'Kronos Timekeeping', 3, 'Sequence', null);
insert into experience (id, name, duration_Years, dtype, experience_id) values (90, 'XML Gateway', 10, 'Sequence', 90);
insert into experience (id, name, duration_Years, dtype, experience_id) values (91, 'DFT Compiler', 3, 'Sequence', null);
insert into experience (id, name, duration_Years, dtype, experience_id) values (92, 'Flow Cytometry', 1, 'Sequence', 71);
insert into experience (id, name, duration_Years, dtype, experience_id) values (93, 'RTL Coding', 9, 'Sequence', null);
insert into experience (id, name, duration_Years, dtype, experience_id) values (94, 'Museum Collections', 9, 'Sequence', null);
insert into experience (id, name, duration_Years, dtype, experience_id) values (95, 'Rational XDE', 10, 'Sequence', 96);
insert into experience (id, name, duration_Years, dtype, experience_id) values (96, 'Strategic Thinking', 15, 'Sequence', null);
insert into experience (id, name, duration_Years, dtype, experience_id) values (97, 'Hotels', 7, 'Sequence', null);
insert into experience (id, name, duration_Years, dtype, experience_id) values (98, 'CNC Machine', 6, 'Sequence', 90);
insert into experience (id, name, duration_Years, dtype, experience_id) values (99, 'CVE', 15, 'Sequence', null);
insert into experience (id, name, duration_Years, dtype, experience_id) values (100, 'PQRI', 5, 'Sequence', 45);
insert into experience (id, name, description, dtype, experience_id) values (101, 'AAT', 'Fusce posuere felis sed lacus. Morbi sem mauris, laoreet ut, rhoncus aliquet, pulvinar sed, nisl. Nunc rhoncus dui vel sem.', 'Event', 88);
insert into experience (id, name, description, dtype, experience_id) values (102, 'WUFI', 'Vestibulum ante ipsum primis in faucibus orci luctus et ultrices posuere cubilia Curae; Nulla dapibus dolor vel est. Donec odio justo, sollicitudin ut, suscipit a, feugiat et, eros. Vestibulum ac est lacinia nisi venenatis tristique.', 'Event', 33);
insert into experience (id, name, description, dtype, experience_id) values (103, 'Water Management', 'Etiam vel augue. Vestibulum rutrum rutrum neque. Aenean auctor gravida sem.', 'Event', 54);
insert into experience (id, name, description, dtype, experience_id) values (104, 'Creative Strategy', 'Phasellus in felis. Donec semper sapien a libero.', 'Event', 44);
insert into experience (id, name, description, dtype, experience_id) values (105, 'MVC Architecture', 'In eleifend quam a odio.', 'Event', 17);
insert into experience (id, name, description, dtype, experience_id) values (106, 'Flight Training', 'Quisque erat eros, viverra eget, congue eget, semper rutrum, nulla. Nunc purus.', 'Event', 75);
insert into experience (id, name, description, dtype, experience_id) values (107, 'Citrix', 'Praesent id massa id nisl venenatis lacinia. Aenean sit amet justo.', 'Event', 60);
insert into experience (id, name, description, dtype, experience_id) values (108, 'Wheat', 'Vestibulum ante ipsum primis in faucibus orci luctus et ultrices posuere cubilia Curae; Mauris viverra diam vitae quam. Suspendisse potenti. Nullam porttitor lacus at turpis.', 'Event', 73);
insert into experience (id, name, description, dtype, experience_id) values (109, 'MPI', 'Cras in purus eu magna vulputate luctus.', 'Event', 58);
insert into experience (id, name, description, dtype, experience_id) values (110, 'Ppk', 'Vivamus metus arcu, adipiscing molestie, hendrerit at, vulputate vitae, nisl.', 'Event', 50);
insert into experience (id, name, description, dtype, experience_id) values (111, 'Utility Construction', 'Maecenas leo odio, condimentum id, luctus nec, molestie sed, justo. Pellentesque viverra pede ac diam.', 'Event', 44);
insert into experience (id, name, description, dtype, experience_id) values (112, 'Zendesk', 'Nulla tempus.', 'Event', 48);
insert into experience (id, name, description, dtype, experience_id) values (113, 'CSLA', 'Duis mattis egestas metus. Aenean fermentum. Donec ut mauris eget massa tempor convallis.', 'Event', 60);
insert into experience (id, name, description, dtype, experience_id) values (114, 'Corporate Communications', 'Vestibulum sed magna at nunc commodo placerat. Praesent blandit. Nam nulla.', 'Event', 73);
insert into experience (id, name, description, dtype, experience_id) values (115, 'Conservation Issues', 'In eleifend quam a odio. In hac habitasse platea dictumst. Maecenas ut massa quis augue luctus tincidunt.', 'Event', 35);
insert into experience (id, name, description, dtype, experience_id) values (116, 'DNA methylation', 'Donec diam neque, vestibulum eget, vulputate ut, ultrices vel, augue. Vestibulum ante ipsum primis in faucibus orci luctus et ultrices posuere cubilia Curae; Donec pharetra, magna vestibulum aliquet ultrices, erat tortor sollicitudin mi, sit amet lobortis sapien sapien non mi.', 'Event', 16);
insert into experience (id, name, description, dtype, experience_id) values (117, 'Aluminum', 'Vivamus in felis eu sapien cursus vestibulum.', 'Event', 42);
insert into experience (id, name, description, dtype, experience_id) values (118, 'Young People', 'Pellentesque at nulla.', 'Event', 24);
insert into experience (id, name, description, dtype, experience_id) values (119, 'IRAs', 'Donec posuere metus vitae ipsum. Aliquam non mauris. Morbi non lectus.', 'Event', 79);
insert into experience (id, name, description, dtype, experience_id) values (120, 'HTA', 'Donec diam neque, vestibulum eget, vulputate ut, ultrices vel, augue. Vestibulum ante ipsum primis in faucibus orci luctus et ultrices posuere cubilia Curae; Donec pharetra, magna vestibulum aliquet ultrices, erat tortor sollicitudin mi, sit amet lobortis sapien sapien non mi. Integer ac neque.', 'Event', 82);
insert into experience (id, name, description, dtype, experience_id) values (121, 'C-TPAT', 'Etiam faucibus cursus urna.', 'Event', 95);
insert into experience (id, name, description, dtype, experience_id) values (122, 'University Teaching', 'Duis bibendum, felis sed interdum venenatis, turpis enim blandit mi, in porttitor pede justo eu massa. Donec dapibus.', 'Event', 78);
insert into experience (id, name, description, dtype, experience_id) values (123, 'Marketing Strategy', 'Quisque porta volutpat erat. Quisque erat eros, viverra eget, congue eget, semper rutrum, nulla. Nunc purus.', 'Event', 90);
insert into experience (id, name, description, dtype, experience_id) values (124, 'Glasses', 'Cum sociis natoque penatibus et magnis dis parturient montes, nascetur ridiculus mus.', 'Event', 96);
insert into experience (id, name, description, dtype, experience_id) values (125, 'ECDL Certification', 'Integer non velit. Donec diam neque, vestibulum eget, vulputate ut, ultrices vel, augue.', 'Event', 83);
insert into experience (id, name, description, dtype, experience_id) values (126, 'OS/400', 'Donec odio justo, sollicitudin ut, suscipit a, feugiat et, eros. Vestibulum ac est lacinia nisi venenatis tristique.', 'Event', 74);
insert into experience (id, name, description, dtype, experience_id) values (127, 'Philanthropy', 'Morbi quis tortor id nulla ultrices aliquet. Maecenas leo odio, condimentum id, luctus nec, molestie sed, justo.', 'Event', 12);
insert into experience (id, name, description, dtype, experience_id) values (128, 'GPS Units', 'Sed accumsan felis.', 'Event', 52);
insert into experience (id, name, description, dtype, experience_id) values (129, 'IFMA', 'Pellentesque viverra pede ac diam.', 'Event', 61);
insert into experience (id, name, description, dtype, experience_id) values (130, 'TBB', 'Duis consequat dui nec nisi volutpat eleifend. Donec ut dolor. Morbi vel lectus in quam fringilla rhoncus.', 'Event', 63);
insert into experience (id, name, description, dtype, experience_id) values (131, 'RNA', 'Nullam molestie nibh in lectus. Pellentesque at nulla. Suspendisse potenti.', 'Event', 57);
insert into experience (id, name, description, dtype, experience_id) values (132, 'Overseas Sourcing', 'Praesent blandit.', 'Event', 48);
insert into experience (id, name, description, dtype, experience_id) values (133, 'LDP', 'Suspendisse potenti.', 'Event', 23);
insert into experience (id, name, description, dtype, experience_id) values (134, 'XML Sitemaps', 'Fusce lacus purus, aliquet at, feugiat non, pretium quis, lectus. Suspendisse potenti. In eleifend quam a odio.', 'Event', 67);
insert into experience (id, name, description, dtype, experience_id) values (135, 'Corporate Branding', 'Nullam porttitor lacus at turpis. Donec posuere metus vitae ipsum.', 'Event', 80);
insert into experience (id, name, description, dtype, experience_id) values (136, 'HRIS', 'Etiam vel augue. Vestibulum rutrum rutrum neque.', 'Event', 55);
insert into experience (id, name, description, dtype, experience_id) values (137, 'XAMPP', 'Donec ut dolor. Morbi vel lectus in quam fringilla rhoncus. Mauris enim leo, rhoncus sed, vestibulum sit amet, cursus id, turpis.', 'Event', 88);
insert into experience (id, name, description, dtype, experience_id) values (138, 'Work Effectively', 'In est risus, auctor sed, tristique in, tempus sit amet, sem. Fusce consequat. Nulla nisl.', 'Event', 96);
insert into experience (id, name, description, dtype, experience_id) values (139, 'PCR Primer Design', 'Maecenas pulvinar lobortis est. Phasellus sit amet erat. Nulla tempus.', 'Event', 2);
insert into experience (id, name, description, dtype, experience_id) values (140, 'UCC filings', 'Vivamus vel nulla eget eros elementum pellentesque.', 'Event', 73);
insert into experience (id, name, description, dtype, experience_id) values (141, 'ebXML', 'Curabitur gravida nisi at nibh. In hac habitasse platea dictumst.', 'Event', 20);
insert into experience (id, name, description, dtype, experience_id) values (142, 'Aviation Security', 'Mauris ullamcorper purus sit amet nulla.', 'Event', 63);
insert into experience (id, name, description, dtype, experience_id) values (143, 'Music Production', 'Fusce posuere felis sed lacus. Morbi sem mauris, laoreet ut, rhoncus aliquet, pulvinar sed, nisl. Nunc rhoncus dui vel sem.', 'Event', 69);
insert into experience (id, name, description, dtype, experience_id) values (144, 'Ministry Of Defence', 'Nulla tellus.', 'Event', 99);
insert into experience (id, name, description, dtype, experience_id) values (145, 'Xdebug', 'Nulla tempus.', 'Event', 25);
insert into experience (id, name, description, dtype, experience_id) values (146, 'Hlookups', 'Cras pellentesque volutpat dui.', 'Event', 81);
insert into experience (id, name, description, dtype, experience_id) values (147, 'CNA', 'Vivamus vestibulum sagittis sapien.', 'Event', 84);
insert into experience (id, name, description, dtype, experience_id) values (148, 'FMCG', 'Proin eu mi.', 'Event', 69);
insert into experience (id, name, description, dtype, experience_id) values (149, 'Amazon EC2', 'Proin at turpis a pede posuere nonummy. Integer non velit.', 'Event', 62);
insert into experience (id, name, description, dtype, experience_id) values (150, 'EFTPOS', 'Maecenas tincidunt lacus at velit. Vivamus vel nulla eget eros elementum pellentesque. Quisque porta volutpat erat.', 'Event', 33);
insert into experience (id, name, description, dtype, experience_id) values (151, 'DNA', 'Nam nulla. Integer pede justo, lacinia eget, tincidunt eget, tempus vel, pede.', 'Event', 3);
insert into experience (id, name, description, dtype, experience_id) values (152, 'Design of Experiments', 'Donec dapibus.', 'Event', 30);
insert into experience (id, name, description, dtype, experience_id) values (153, 'Observational Astronomy', 'Aliquam sit amet diam in magna bibendum imperdiet. Nullam orci pede, venenatis non, sodales sed, tincidunt eu, felis. Fusce posuere felis sed lacus.', 'Event', 97);
insert into experience (id, name, description, dtype, experience_id) values (154, 'JDF', 'Aenean lectus. Pellentesque eget nunc.', 'Event', 21);
insert into experience (id, name, description, dtype, experience_id) values (155, 'DBMS', 'Donec semper sapien a libero. Nam dui. Proin leo odio, porttitor id, consequat in, consequat ut, nulla.', 'Event', 67);
insert into experience (id, name, description, dtype, experience_id) values (156, 'FMOD', 'Suspendisse potenti. Nullam porttitor lacus at turpis.', 'Event', 57);
insert into experience (id, name, description, dtype, experience_id) values (157, 'IA32', 'Morbi vestibulum, velit id pretium iaculis, diam erat fermentum justo, nec condimentum neque sapien placerat ante. Nulla justo.', 'Event', 36);
insert into experience (id, name, description, dtype, experience_id) values (158, 'EES', 'In blandit ultrices enim. Lorem ipsum dolor sit amet, consectetuer adipiscing elit. Proin interdum mauris non ligula pellentesque ultrices.', 'Event', 93);
insert into experience (id, name, description, dtype, experience_id) values (159, 'Information Security Awareness', 'Duis consequat dui nec nisi volutpat eleifend. Donec ut dolor. Morbi vel lectus in quam fringilla rhoncus.', 'Event', 45);
insert into experience (id, name, description, dtype, experience_id) values (160, 'Rehabilitation Psychology', 'Vestibulum ante ipsum primis in faucibus orci luctus et ultrices posuere cubilia Curae; Donec pharetra, magna vestibulum aliquet ultrices, erat tortor sollicitudin mi, sit amet lobortis sapien sapien non mi. Integer ac neque.', 'Event', 63);
insert into experience (id, name, description, dtype, experience_id) values (161, 'BSSAP', 'Vestibulum sed magna at nunc commodo placerat. Praesent blandit.', 'Event', 59);
insert into experience (id, name, description, dtype, experience_id) values (162, 'MP3', 'Morbi a ipsum. Integer a nibh. In quis justo.', 'Event', 12);
insert into experience (id, name, description, dtype, experience_id) values (163, 'SOA BPEL', 'Morbi ut odio.', 'Event', 2);
insert into experience (id, name, description, dtype, experience_id) values (164, 'Galleries', 'Nulla ut erat id mauris vulputate elementum. Nullam varius. Nulla facilisi.', 'Event', 27);
insert into experience (id, name, description, dtype, experience_id) values (165, 'Logistics Management', 'Sed ante. Vivamus tortor. Duis mattis egestas metus.', 'Event', 54);
insert into experience (id, name, description, dtype, experience_id) values (166, 'Myofascial Release Therapy', 'Aenean lectus.', 'Event', 13);
insert into experience (id, name, description, dtype, experience_id) values (167, 'General Ledger', 'Nulla neque libero, convallis eget, eleifend luctus, ultricies eu, nibh.', 'Event', 53);
insert into experience (id, name, description, dtype, experience_id) values (168, 'Joomla', 'Lorem ipsum dolor sit amet, consectetuer adipiscing elit. Proin interdum mauris non ligula pellentesque ultrices.', 'Event', 51);
insert into experience (id, name, description, dtype, experience_id) values (169, 'Commercial Aviation', 'Cras in purus eu magna vulputate luctus. Cum sociis natoque penatibus et magnis dis parturient montes, nascetur ridiculus mus.', 'Event', 78);
insert into experience (id, name, description, dtype, experience_id) values (170, 'Kohana', 'Duis at velit eu est congue elementum. In hac habitasse platea dictumst.', 'Event', 20);
insert into experience (id, name, description, dtype, experience_id) values (171, 'Navisworks', 'Duis ac nibh.', 'Event', 17);
insert into experience (id, name, description, dtype, experience_id) values (172, 'CSS Sprites', 'Etiam pretium iaculis justo. In hac habitasse platea dictumst. Etiam faucibus cursus urna.', 'Event', 74);
insert into experience (id, name, description, dtype, experience_id) values (173, 'Tcsh', 'Fusce consequat. Nulla nisl.', 'Event', 9);
insert into experience (id, name, description, dtype, experience_id) values (174, 'Critical Care', 'Proin interdum mauris non ligula pellentesque ultrices. Phasellus id sapien in sapien iaculis congue. Vivamus metus arcu, adipiscing molestie, hendrerit at, vulputate vitae, nisl.', 'Event', 84);
insert into experience (id, name, description, dtype, experience_id) values (175, 'LLDP', 'Integer a nibh. In quis justo. Maecenas rhoncus aliquam lacus.', 'Event', 34);
insert into experience (id, name, description, dtype, experience_id) values (176, 'Payroll Taxes', 'Pellentesque ultrices mattis odio.', 'Event', 38);
insert into experience (id, name, description, dtype, experience_id) values (177, 'Yamaha PM5D', 'Phasellus id sapien in sapien iaculis congue. Vivamus metus arcu, adipiscing molestie, hendrerit at, vulputate vitae, nisl. Aenean lectus.', 'Event', 62);
insert into experience (id, name, description, dtype, experience_id) values (178, 'Keyboards', 'Duis bibendum.', 'Event', 100);
insert into experience (id, name, description, dtype, experience_id) values (179, 'Differentiated Instruction', 'In est risus, auctor sed, tristique in, tempus sit amet, sem. Fusce consequat.', 'Event', 33);
insert into experience (id, name, description, dtype, experience_id) values (180, 'nCode', 'Ut tellus. Nulla ut erat id mauris vulputate elementum.', 'Event', 46);
insert into experience (id, name, description, dtype, experience_id) values (181, 'QinQ', 'Nulla nisl. Nunc nisl. Duis bibendum, felis sed interdum venenatis, turpis enim blandit mi, in porttitor pede justo eu massa.', 'Event', 65);
insert into experience (id, name, description, dtype, experience_id) values (182, 'Gas', 'Donec ut mauris eget massa tempor convallis. Nulla neque libero, convallis eget, eleifend luctus, ultricies eu, nibh.', 'Event', 90);
insert into experience (id, name, description, dtype, experience_id) values (183, 'CFRA', 'Quisque porta volutpat erat. Quisque erat eros, viverra eget, congue eget, semper rutrum, nulla.', 'Event', 25);
insert into experience (id, name, description, dtype, experience_id) values (184, 'ADP Payroll', 'Pellentesque eget nunc.', 'Event', 60);
insert into experience (id, name, description, dtype, experience_id) values (185, 'PPDS', 'Cras in purus eu magna vulputate luctus.', 'Event', 34);
insert into experience (id, name, description, dtype, experience_id) values (186, 'CSRs', 'Mauris sit amet eros.', 'Event', 68);
insert into experience (id, name, description, dtype, experience_id) values (187, 'QoS', 'Nam ultrices, libero non mattis pulvinar, nulla pede ullamcorper augue, a suscipit nulla elit ac nulla. Sed vel enim sit amet nunc viverra dapibus. Nulla suscipit ligula in lacus.', 'Event', 93);
insert into experience (id, name, description, dtype, experience_id) values (188, 'WLM', 'Vivamus in felis eu sapien cursus vestibulum. Proin eu mi.', 'Event', 76);
insert into experience (id, name, description, dtype, experience_id) values (189, 'Outdoor Advertising', 'Cum sociis natoque penatibus et magnis dis parturient montes, nascetur ridiculus mus.', 'Event', 99);
insert into experience (id, name, description, dtype, experience_id) values (190, 'Oil Changes', 'Vivamus in felis eu sapien cursus vestibulum. Proin eu mi. Nulla ac enim.', 'Event', 44);
insert into experience (id, name, description, dtype, experience_id) values (191, 'Xpress', 'Quisque erat eros, viverra eget, congue eget, semper rutrum, nulla. Nunc purus.', 'Event', 43);
insert into experience (id, name, description, dtype, experience_id) values (192, 'PDM Works', 'In hac habitasse platea dictumst. Aliquam augue quam, sollicitudin vitae, consectetuer eget, rutrum at, lorem. Integer tincidunt ante vel ipsum.', 'Event', 56);
insert into experience (id, name, description, dtype, experience_id) values (193, 'SPC', 'Donec dapibus. Duis at velit eu est congue elementum.', 'Event', 94);
insert into experience (id, name, description, dtype, experience_id) values (194, 'MRDs', 'Integer ac leo.', 'Event', 23);
insert into experience (id, name, description, dtype, experience_id) values (195, 'McData', 'In eleifend quam a odio. In hac habitasse platea dictumst.', 'Event', 38);
insert into experience (id, name, description, dtype, experience_id) values (196, 'ERP Implementations', 'Nunc purus. Phasellus in felis.', 'Event', 86);
insert into experience (id, name, description, dtype, experience_id) values (197, 'HCS12', 'Nulla mollis molestie lorem.', 'Event', 61);
insert into experience (id, name, description, dtype, experience_id) values (198, 'Cross Functional Team Building', 'Fusce posuere felis sed lacus. Morbi sem mauris, laoreet ut, rhoncus aliquet, pulvinar sed, nisl.', 'Event', 9);
insert into experience (id, name, description, dtype, experience_id) values (199, 'Chemical Engineering', 'Donec ut dolor.', 'Event', 13);
insert into experience (id, name, description, dtype, experience_id) values (200, 'BSP', 'Sed ante.', 'Event', 54);
insert into experience (id, name, description, dtype, experience_id) values (201, 'Pre-sales', 'Maecenas ut massa quis augue luctus tincidunt. Nulla mollis molestie lorem. Quisque ut erat.', 'Event', 90);
insert into experience (id, name, description, dtype, experience_id) values (202, 'Bloomberg', 'Nunc nisl. Duis bibendum, felis sed interdum venenatis, turpis enim blandit mi, in porttitor pede justo eu massa. Donec dapibus.', 'Event', 77);
insert into experience (id, name, description, dtype, experience_id) values (203, 'OMAP', 'Integer tincidunt ante vel ipsum.', 'Event', 25);
insert into experience (id, name, description, dtype, experience_id) values (204, 'IAM', 'Donec quis orci eget orci vehicula condimentum. Curabitur in libero ut massa volutpat convallis.', 'Event', 72);
insert into experience (id, name, description, dtype, experience_id) values (205, 'QADirector', 'Sed ante.', 'Event', 42);
insert into experience (id, name, description, dtype, experience_id) values (206, 'SDA', 'Aenean sit amet justo. Morbi ut odio.', 'Event', 26);
insert into experience (id, name, description, dtype, experience_id) values (207, 'NLB', 'Praesent blandit.', 'Event', 38);
insert into experience (id, name, description, dtype, experience_id) values (208, 'NICU', 'Etiam vel augue. Vestibulum rutrum rutrum neque. Aenean auctor gravida sem.', 'Event', 71);
insert into experience (id, name, description, dtype, experience_id) values (209, 'AC Nielsen', 'Vivamus vel nulla eget eros elementum pellentesque. Quisque porta volutpat erat. Quisque erat eros, viverra eget, congue eget, semper rutrum, nulla.', 'Event', 79);
insert into experience (id, name, description, dtype, experience_id) values (210, 'VHF', 'Morbi sem mauris, laoreet ut, rhoncus aliquet, pulvinar sed, nisl. Nunc rhoncus dui vel sem.', 'Event', 97);
insert into experience (id, name, description, dtype, experience_id) values (211, 'AC Nielsen', 'Proin risus. Praesent lectus.', 'Event', 26);
insert into experience (id, name, description, dtype, experience_id) values (212, 'JMeter', 'Cras mi pede, malesuada in, imperdiet et, commodo vulputate, justo.', 'Event', 82);
insert into experience (id, name, description, dtype, experience_id) values (213, 'NFS', 'Vestibulum ac est lacinia nisi venenatis tristique.', 'Event', 33);
insert into experience (id, name, description, dtype, experience_id) values (214, 'Wine', 'Nam congue, risus semper porta volutpat, quam pede lobortis ligula, sit amet eleifend pede libero quis orci. Nullam molestie nibh in lectus.', 'Event', 51);
insert into experience (id, name, description, dtype, experience_id) values (215, 'PFI', 'Donec vitae nisi. Nam ultrices, libero non mattis pulvinar, nulla pede ullamcorper augue, a suscipit nulla elit ac nulla.', 'Event', 99);
insert into experience (id, name, description, dtype, experience_id) values (216, 'Ambulatory', 'Curabitur at ipsum ac tellus semper interdum. Mauris ullamcorper purus sit amet nulla.', 'Event', 79);
insert into experience (id, name, description, dtype, experience_id) values (217, 'AAT', 'Duis bibendum, felis sed interdum venenatis, turpis enim blandit mi, in porttitor pede justo eu massa. Donec dapibus.', 'Event', 28);
insert into experience (id, name, description, dtype, experience_id) values (218, 'Global Delivery', 'In congue.', 'Event', 48);
insert into experience (id, name, description, dtype, experience_id) values (219, 'Chromatography', 'Integer tincidunt ante vel ipsum. Praesent blandit lacinia erat. Vestibulum sed magna at nunc commodo placerat.', 'Event', 74);
insert into experience (id, name, description, dtype, experience_id) values (220, 'Affiliate Marketing', 'Morbi vestibulum, velit id pretium iaculis, diam erat fermentum justo, nec condimentum neque sapien placerat ante.', 'Event', 58);
insert into experience (id, name, description, dtype, experience_id) values (221, 'Social Media Outreach', 'Praesent lectus. Vestibulum quam sapien, varius ut, blandit non, interdum in, ante. Vestibulum ante ipsum primis in faucibus orci luctus et ultrices posuere cubilia Curae; Duis faucibus accumsan odio.', 'Event', 48);
insert into experience (id, name, description, dtype, experience_id) values (222, 'Oil Sands', 'Nulla neque libero, convallis eget, eleifend luctus, ultricies eu, nibh. Quisque id justo sit amet sapien dignissim vestibulum. Vestibulum ante ipsum primis in faucibus orci luctus et ultrices posuere cubilia Curae; Nulla dapibus dolor vel est.', 'Event', 82);
insert into experience (id, name, description, dtype, experience_id) values (223, 'Distribution Center Operations', 'Nunc purus.', 'Event', 12);
insert into experience (id, name, description, dtype, experience_id) values (224, 'HMRC enquiries', 'In hac habitasse platea dictumst.', 'Event', 100);
insert into experience (id, name, description, dtype, experience_id) values (225, 'Spanish', 'Curabitur at ipsum ac tellus semper interdum.', 'Event', 8);
insert into experience (id, name, description, dtype, experience_id) values (226, 'Google Adwords', 'Nulla suscipit ligula in lacus.', 'Event', 64);
insert into experience (id, name, description, dtype, experience_id) values (227, 'Oxidative Stress', 'In sagittis dui vel nisl. Duis ac nibh.', 'Event', 46);
insert into experience (id, name, description, dtype, experience_id) values (228, 'Earth Science', 'Curabitur convallis. Duis consequat dui nec nisi volutpat eleifend.', 'Event', 76);
insert into experience (id, name, description, dtype, experience_id) values (229, 'VHDL', 'In congue.', 'Event', 84);
insert into experience (id, name, description, dtype, experience_id) values (230, 'Vectorworks', 'Vivamus metus arcu, adipiscing molestie, hendrerit at, vulputate vitae, nisl. Aenean lectus.', 'Event', 27);
insert into experience (id, name, description, dtype, experience_id) values (231, 'Aviation', 'Duis bibendum, felis sed interdum venenatis, turpis enim blandit mi, in porttitor pede justo eu massa.', 'Event', 15);
insert into experience (id, name, description, dtype, experience_id) values (232, 'DV Camera Operator', 'Phasellus id sapien in sapien iaculis congue. Vivamus metus arcu, adipiscing molestie, hendrerit at, vulputate vitae, nisl.', 'Event', 81);
insert into experience (id, name, description, dtype, experience_id) values (233, 'Drilling Engineering', 'Curabitur at ipsum ac tellus semper interdum.', 'Event', 38);
insert into experience (id, name, description, dtype, experience_id) values (234, 'SRTP', 'Duis at velit eu est congue elementum. In hac habitasse platea dictumst. Morbi vestibulum, velit id pretium iaculis, diam erat fermentum justo, nec condimentum neque sapien placerat ante.', 'Event', 53);
insert into experience (id, name, description, dtype, experience_id) values (235, 'Vray', 'Integer a nibh. In quis justo.', 'Event', 81);
insert into experience (id, name, description, dtype, experience_id) values (236, 'PMM', 'Etiam justo. Etiam pretium iaculis justo.', 'Event', 49);
insert into experience (id, name, description, dtype, experience_id) values (237, 'Fashion Jewelry', 'Ut tellus. Nulla ut erat id mauris vulputate elementum. Nullam varius.', 'Event', 62);
insert into experience (id, name, description, dtype, experience_id) values (238, 'iPhone Application Development', 'Cum sociis natoque penatibus et magnis dis parturient montes, nascetur ridiculus mus.', 'Event', 58);
insert into experience (id, name, description, dtype, experience_id) values (239, 'Auditing', 'Fusce consequat. Nulla nisl. Nunc nisl.', 'Event', 17);
insert into experience (id, name, description, dtype, experience_id) values (240, 'Yardi Property Management', 'Suspendisse accumsan tortor quis turpis.', 'Event', 43);
insert into experience (id, name, description, dtype, experience_id) values (241, 'Continuous Improvement', 'Maecenas tincidunt lacus at velit. Vivamus vel nulla eget eros elementum pellentesque. Quisque porta volutpat erat.', 'Event', 99);
insert into experience (id, name, description, dtype, experience_id) values (242, 'Historic Preservation', 'Nulla tempus.', 'Event', 27);
insert into experience (id, name, description, dtype, experience_id) values (243, 'Microsoft Project', 'Nullam varius. Nulla facilisi.', 'Event', 68);
insert into experience (id, name, description, dtype, experience_id) values (244, 'ODE', 'Praesent blandit. Nam nulla.', 'Event', 27);
insert into experience (id, name, description, dtype, experience_id) values (245, 'XML Standards', 'In hac habitasse platea dictumst. Aliquam augue quam, sollicitudin vitae, consectetuer eget, rutrum at, lorem. Integer tincidunt ante vel ipsum.', 'Event', 95);
insert into experience (id, name, description, dtype, experience_id) values (246, 'Xen', 'Morbi ut odio. Cras mi pede, malesuada in, imperdiet et, commodo vulputate, justo. In blandit ultrices enim.', 'Event', 96);
insert into experience (id, name, description, dtype, experience_id) values (247, 'IT Transformation', 'Duis bibendum. Morbi non quam nec dui luctus rutrum.', 'Event', 15);
insert into experience (id, name, description, dtype, experience_id) values (248, 'Agriculture', 'Duis aliquam convallis nunc. Proin at turpis a pede posuere nonummy.', 'Event', 92);
insert into experience (id, name, description, dtype, experience_id) values (249, 'Yii', 'Nulla justo. Aliquam quis turpis eget elit sodales scelerisque.', 'Event', 30);
insert into experience (id, name, description, dtype, experience_id) values (250, 'Irrigation Management', 'Maecenas pulvinar lobortis est. Phasellus sit amet erat.', 'Event', 53);
insert into experience (id, name, description, dtype, experience_id) values (251, 'Device Drivers', 'Integer ac leo. Pellentesque ultrices mattis odio. Donec vitae nisi.', 'Event', 39);
insert into experience (id, name, description, dtype, experience_id) values (252, 'EMS', 'Aliquam sit amet diam in magna bibendum imperdiet.', 'Event', 50);
insert into experience (id, name, description, dtype, experience_id) values (253, 'Furnishings', 'Quisque arcu libero, rutrum ac, lobortis vel, dapibus at, diam. Nam tristique tortor eu pede.', 'Event', 80);
insert into experience (id, name, description, dtype, experience_id) values (254, 'RF Design', 'Praesent blandit.', 'Event', 72);
insert into experience (id, name, description, dtype, experience_id) values (255, 'JMX', 'Maecenas rhoncus aliquam lacus. Morbi quis tortor id nulla ultrices aliquet. Maecenas leo odio, condimentum id, luctus nec, molestie sed, justo.', 'Event', 61);
insert into experience (id, name, description, dtype, experience_id) values (256, 'Computer Games', 'Vestibulum ante ipsum primis in faucibus orci luctus et ultrices posuere cubilia Curae; Mauris viverra diam vitae quam. Suspendisse potenti. Nullam porttitor lacus at turpis.', 'Event', 52);
insert into experience (id, name, description, dtype, experience_id) values (257, 'MRI Plus', 'Aliquam quis turpis eget elit sodales scelerisque. Mauris sit amet eros.', 'Event', 2);
insert into experience (id, name, description, dtype, experience_id) values (258, 'VMware VTSP', 'Suspendisse potenti. In eleifend quam a odio.', 'Event', 33);
insert into experience (id, name, description, dtype, experience_id) values (259, 'WPA', 'Fusce consequat.', 'Event', 89);
insert into experience (id, name, description, dtype, experience_id) values (260, 'MSDS', 'Cras in purus eu magna vulputate luctus. Cum sociis natoque penatibus et magnis dis parturient montes, nascetur ridiculus mus.', 'Event', 21);
insert into experience (id, name, description, dtype, experience_id) values (261, 'Youth Mentoring', 'Cum sociis natoque penatibus et magnis dis parturient montes, nascetur ridiculus mus. Vivamus vestibulum sagittis sapien.', 'Event', 2);
insert into experience (id, name, description, dtype, experience_id) values (262, 'Change Management', 'Sed sagittis. Nam congue, risus semper porta volutpat, quam pede lobortis ligula, sit amet eleifend pede libero quis orci.', 'Event', 15);
insert into experience (id, name, description, dtype, experience_id) values (263, 'MMS', 'Integer pede justo, lacinia eget, tincidunt eget, tempus vel, pede.', 'Event', 21);
insert into experience (id, name, description, dtype, experience_id) values (264, 'AQL', 'Nam ultrices, libero non mattis pulvinar, nulla pede ullamcorper augue, a suscipit nulla elit ac nulla. Sed vel enim sit amet nunc viverra dapibus.', 'Event', 50);
insert into experience (id, name, description, dtype, experience_id) values (265, 'DNP3', 'In hac habitasse platea dictumst. Maecenas ut massa quis augue luctus tincidunt.', 'Event', 87);
insert into experience (id, name, description, dtype, experience_id) values (266, 'Military Training', 'Nulla justo.', 'Event', 90);
insert into experience (id, name, description, dtype, experience_id) values (267, 'Visual Basic', 'Nulla tempus. Vivamus in felis eu sapien cursus vestibulum.', 'Event', 4);
insert into experience (id, name, description, dtype, experience_id) values (268, 'XML Schema Design', 'Quisque ut erat. Curabitur gravida nisi at nibh.', 'Event', 74);
insert into experience (id, name, description, dtype, experience_id) values (269, 'RCMS', 'Integer ac leo.', 'Event', 89);
insert into experience (id, name, description, dtype, experience_id) values (270, 'Fund Of Funds', 'Donec odio justo, sollicitudin ut, suscipit a, feugiat et, eros.', 'Event', 18);
insert into experience (id, name, description, dtype, experience_id) values (271, 'LLDPE', 'Praesent blandit. Nam nulla. Integer pede justo, lacinia eget, tincidunt eget, tempus vel, pede.', 'Event', 64);
insert into experience (id, name, description, dtype, experience_id) values (272, 'PMR', 'Lorem ipsum dolor sit amet, consectetuer adipiscing elit. Proin interdum mauris non ligula pellentesque ultrices. Phasellus id sapien in sapien iaculis congue.', 'Event', 52);
insert into experience (id, name, description, dtype, experience_id) values (273, 'UIKit', 'Etiam pretium iaculis justo. In hac habitasse platea dictumst. Etiam faucibus cursus urna.', 'Event', 43);
insert into experience (id, name, description, dtype, experience_id) values (274, 'Pyrosequencing', 'Fusce congue, diam id ornare imperdiet, sapien urna pretium nisl, ut volutpat sapien arcu sed augue.', 'Event', 45);
insert into experience (id, name, description, dtype, experience_id) values (275, 'Typing', 'Curabitur convallis. Duis consequat dui nec nisi volutpat eleifend. Donec ut dolor.', 'Event', 24);
insert into experience (id, name, description, dtype, experience_id) values (276, 'USDA', 'Mauris enim leo, rhoncus sed, vestibulum sit amet, cursus id, turpis. Integer aliquet, massa id lobortis convallis, tortor risus dapibus augue, vel accumsan tellus nisi eu orci.', 'Event', 50);
insert into experience (id, name, description, dtype, experience_id) values (277, 'VRS', 'Integer a nibh. In quis justo.', 'Event', 13);
insert into experience (id, name, description, dtype, experience_id) values (278, 'OECD', 'Vestibulum ante ipsum primis in faucibus orci luctus et ultrices posuere cubilia Curae; Nulla dapibus dolor vel est. Donec odio justo, sollicitudin ut, suscipit a, feugiat et, eros.', 'Event', 89);
insert into experience (id, name, description, dtype, experience_id) values (279, 'e-QIP', 'Nam ultrices, libero non mattis pulvinar, nulla pede ullamcorper augue, a suscipit nulla elit ac nulla. Sed vel enim sit amet nunc viverra dapibus.', 'Event', 59);
insert into experience (id, name, description, dtype, experience_id) values (280, 'AOG', 'Sed vel enim sit amet nunc viverra dapibus. Nulla suscipit ligula in lacus.', 'Event', 98);
insert into experience (id, name, description, dtype, experience_id) values (281, 'Tk', 'Praesent blandit lacinia erat. Vestibulum sed magna at nunc commodo placerat.', 'Event', 16);
insert into experience (id, name, description, dtype, experience_id) values (282, 'Typewriter', 'Donec ut dolor. Morbi vel lectus in quam fringilla rhoncus. Mauris enim leo, rhoncus sed, vestibulum sit amet, cursus id, turpis.', 'Event', 80);
insert into experience (id, name, description, dtype, experience_id) values (283, 'Commercial Property Owners', 'Aliquam non mauris. Morbi non lectus.', 'Event', 29);
insert into experience (id, name, description, dtype, experience_id) values (284, 'eBusiness Suite', 'Nullam orci pede, venenatis non, sodales sed, tincidunt eu, felis. Fusce posuere felis sed lacus. Morbi sem mauris, laoreet ut, rhoncus aliquet, pulvinar sed, nisl.', 'Event', 76);
insert into experience (id, name, description, dtype, experience_id) values (285, 'Lawson HRIS', 'Fusce posuere felis sed lacus. Morbi sem mauris, laoreet ut, rhoncus aliquet, pulvinar sed, nisl. Nunc rhoncus dui vel sem.', 'Event', 19);
insert into experience (id, name, description, dtype, experience_id) values (286, 'Zainet', 'Curabitur in libero ut massa volutpat convallis.', 'Event', 83);
insert into experience (id, name, description, dtype, experience_id) values (287, 'Blood Pressure', 'Suspendisse accumsan tortor quis turpis. Sed ante.', 'Event', 55);
insert into experience (id, name, description, dtype, experience_id) values (288, 'RPG II', 'Nullam sit amet turpis elementum ligula vehicula consequat. Morbi a ipsum.', 'Event', 4);
insert into experience (id, name, description, dtype, experience_id) values (289, 'AVEVA PDMS', 'Praesent blandit lacinia erat. Vestibulum sed magna at nunc commodo placerat.', 'Event', 31);
insert into experience (id, name, description, dtype, experience_id) values (290, 'CTD', 'Morbi vestibulum, velit id pretium iaculis, diam erat fermentum justo, nec condimentum neque sapien placerat ante. Nulla justo. Aliquam quis turpis eget elit sodales scelerisque.', 'Event', 30);
insert into experience (id, name, description, dtype, experience_id) values (291, 'Urban Economics', 'Aliquam non mauris.', 'Event', 4);
insert into experience (id, name, description, dtype, experience_id) values (292, 'Skin Care Products', 'In hac habitasse platea dictumst.', 'Event', 59);
insert into experience (id, name, description, dtype, experience_id) values (293, 'UART', 'Etiam justo.', 'Event', 13);
insert into experience (id, name, description, dtype, experience_id) values (294, 'FF&amp;E Specifications', 'Suspendisse potenti. In eleifend quam a odio.', 'Event', 7);
insert into experience (id, name, description, dtype, experience_id) values (295, 'Image Processing', 'Aliquam quis turpis eget elit sodales scelerisque. Mauris sit amet eros.', 'Event', 59);
insert into experience (id, name, description, dtype, experience_id) values (296, 'UPS Shipping', 'Proin at turpis a pede posuere nonummy. Integer non velit. Donec diam neque, vestibulum eget, vulputate ut, ultrices vel, augue.', 'Event', 25);
insert into experience (id, name, description, dtype, experience_id) values (297, 'VCL', 'Quisque ut erat. Curabitur gravida nisi at nibh.', 'Event', 31);
insert into experience (id, name, description, dtype, experience_id) values (298, 'MRB', 'Duis bibendum, felis sed interdum venenatis, turpis enim blandit mi, in porttitor pede justo eu massa. Donec dapibus. Duis at velit eu est congue elementum.', 'Event', 56);
insert into experience (id, name, description, dtype, experience_id) values (299, 'TSO', 'Nam dui. Proin leo odio, porttitor id, consequat in, consequat ut, nulla.', 'Event', 72);
insert into experience (id, name, description, dtype, experience_id) values (300, 'CDS', 'Nunc rhoncus dui vel sem. Sed sagittis. Nam congue, risus semper porta volutpat, quam pede lobortis ligula, sit amet eleifend pede libero quis orci.', 'Event', 85);
insert into experience (id, name, description, dtype, experience_id) values (301, 'PHP', 'Quisque id justo sit amet sapien dignissim vestibulum. Vestibulum ante ipsum primis in faucibus orci luctus et ultrices posuere cubilia Curae; Nulla dapibus dolor vel est.', 'Event', 53);
insert into experience (id, name, description, dtype, experience_id) values (302, 'Network Architecture', 'Quisque erat eros, viverra eget, congue eget, semper rutrum, nulla. Nunc purus. Phasellus in felis.', 'Event', 48);
insert into experience (id, name, description, dtype, experience_id) values (303, 'Drama', 'In quis justo. Maecenas rhoncus aliquam lacus. Morbi quis tortor id nulla ultrices aliquet.', 'Event', 25);
insert into experience (id, name, description, dtype, experience_id) values (304, 'Twist', 'Donec odio justo, sollicitudin ut, suscipit a, feugiat et, eros. Vestibulum ac est lacinia nisi venenatis tristique. Fusce congue, diam id ornare imperdiet, sapien urna pretium nisl, ut volutpat sapien arcu sed augue.', 'Event', 53);
insert into experience (id, name, description, dtype, experience_id) values (305, 'HP', 'Maecenas rhoncus aliquam lacus. Morbi quis tortor id nulla ultrices aliquet. Maecenas leo odio, condimentum id, luctus nec, molestie sed, justo.', 'Event', 68);
insert into experience (id, name, description, dtype, experience_id) values (306, 'MS Integration Services', 'Nunc rhoncus dui vel sem. Sed sagittis. Nam congue, risus semper porta volutpat, quam pede lobortis ligula, sit amet eleifend pede libero quis orci.', 'Event', 32);
insert into experience (id, name, description, dtype, experience_id) values (307, 'BPF', 'Morbi non quam nec dui luctus rutrum. Nulla tellus.', 'Event', 52);
insert into experience (id, name, description, dtype, experience_id) values (308, 'Smarty', 'Vivamus in felis eu sapien cursus vestibulum. Proin eu mi. Nulla ac enim.', 'Event', 25);
insert into experience (id, name, description, dtype, experience_id) values (309, 'Scrum', 'Pellentesque viverra pede ac diam. Cras pellentesque volutpat dui. Maecenas tristique, est et tempus semper, est quam pharetra magna, ac consequat metus sapien ut nunc.', 'Event', 93);
insert into experience (id, name, description, dtype, experience_id) values (310, 'Operations Management', 'Nulla facilisi.', 'Event', 7);
insert into experience (id, name, description, dtype, experience_id) values (311, 'Hudson', 'Suspendisse potenti. Nullam porttitor lacus at turpis. Donec posuere metus vitae ipsum.', 'Event', 70);
insert into experience (id, name, description, dtype, experience_id) values (312, 'Home Staging', 'In hac habitasse platea dictumst.', 'Event', 51);
insert into experience (id, name, description, dtype, experience_id) values (313, 'XMLBeans', 'Morbi vestibulum, velit id pretium iaculis, diam erat fermentum justo, nec condimentum neque sapien placerat ante.', 'Event', 47);
insert into experience (id, name, description, dtype, experience_id) values (314, 'FM200', 'Nam dui. Proin leo odio, porttitor id, consequat in, consequat ut, nulla.', 'Event', 27);
insert into experience (id, name, description, dtype, experience_id) values (315, 'Voice Over', 'Donec dapibus. Duis at velit eu est congue elementum.', 'Event', 87);
insert into experience (id, name, description, dtype, experience_id) values (316, 'LEED AP', 'Proin leo odio, porttitor id, consequat in, consequat ut, nulla.', 'Event', 70);
insert into experience (id, name, description, dtype, experience_id) values (317, 'Animal Husbandry', 'Maecenas tincidunt lacus at velit.', 'Event', 51);
insert into experience (id, name, description, dtype, experience_id) values (318, 'News Writing', 'Morbi sem mauris, laoreet ut, rhoncus aliquet, pulvinar sed, nisl. Nunc rhoncus dui vel sem. Sed sagittis.', 'Event', 93);
insert into experience (id, name, description, dtype, experience_id) values (319, 'Multiplex PCR', 'Quisque porta volutpat erat. Quisque erat eros, viverra eget, congue eget, semper rutrum, nulla. Nunc purus.', 'Event', 6);
insert into experience (id, name, description, dtype, experience_id) values (320, 'HUD', 'Nunc nisl. Duis bibendum, felis sed interdum venenatis, turpis enim blandit mi, in porttitor pede justo eu massa. Donec dapibus.', 'Event', 76);
insert into experience (id, name, description, dtype, experience_id) values (321, 'Legal Documents', 'Nam dui. Proin leo odio, porttitor id, consequat in, consequat ut, nulla.', 'Event', 46);
insert into experience (id, name, description, dtype, experience_id) values (322, 'IEC 61850', 'Donec semper sapien a libero. Nam dui. Proin leo odio, porttitor id, consequat in, consequat ut, nulla.', 'Event', 65);
insert into experience (id, name, description, dtype, experience_id) values (323, 'Xytech', 'Donec dapibus. Duis at velit eu est congue elementum.', 'Event', 72);
insert into experience (id, name, description, dtype, experience_id) values (324, 'IO', 'Quisque erat eros, viverra eget, congue eget, semper rutrum, nulla.', 'Event', 94);
insert into experience (id, name, description, dtype, experience_id) values (325, 'MVVM', 'Nulla tellus. In sagittis dui vel nisl. Duis ac nibh.', 'Event', 13);
insert into experience (id, name, description, dtype, experience_id) values (326, 'Access', 'Maecenas tristique, est et tempus semper, est quam pharetra magna, ac consequat metus sapien ut nunc. Vestibulum ante ipsum primis in faucibus orci luctus et ultrices posuere cubilia Curae; Mauris viverra diam vitae quam. Suspendisse potenti.', 'Event', 78);
insert into experience (id, name, description, dtype, experience_id) values (327, 'DH+', 'Maecenas tincidunt lacus at velit.', 'Event', 27);
insert into experience (id, name, description, dtype, experience_id) values (328, 'Gym', 'In congue. Etiam justo.', 'Event', 4);
insert into experience (id, name, description, dtype, experience_id) values (329, 'Play by Play', 'In est risus, auctor sed, tristique in, tempus sit amet, sem. Fusce consequat.', 'Event', 45);
insert into experience (id, name, description, dtype, experience_id) values (330, 'IGOR Pro', 'Pellentesque ultrices mattis odio.', 'Event', 18);
insert into experience (id, name, description, dtype, experience_id) values (331, 'TQM', 'Morbi non quam nec dui luctus rutrum. Nulla tellus. In sagittis dui vel nisl.', 'Event', 33);
insert into experience (id, name, description, dtype, experience_id) values (332, 'Internal Controls', 'Morbi ut odio. Cras mi pede, malesuada in, imperdiet et, commodo vulputate, justo.', 'Event', 100);
insert into experience (id, name, description, dtype, experience_id) values (333, 'Newsletters', 'Morbi vel lectus in quam fringilla rhoncus. Mauris enim leo, rhoncus sed, vestibulum sit amet, cursus id, turpis. Integer aliquet, massa id lobortis convallis, tortor risus dapibus augue, vel accumsan tellus nisi eu orci.', 'Event', 56);
insert into experience (id, name, description, dtype, experience_id) values (334, 'EJB', 'Morbi non quam nec dui luctus rutrum. Nulla tellus.', 'Event', 52);
insert into experience (id, name, description, dtype, experience_id) values (335, 'Petroleum Geology', 'Aenean auctor gravida sem.', 'Event', 54);
insert into experience (id, name, description, dtype, experience_id) values (336, 'Employee Handbooks', 'Donec semper sapien a libero. Nam dui.', 'Event', 30);
insert into experience (id, name, description, dtype, experience_id) values (337, 'Appraisals', 'Suspendisse potenti. Cras in purus eu magna vulputate luctus. Cum sociis natoque penatibus et magnis dis parturient montes, nascetur ridiculus mus.', 'Event', 27);
insert into experience (id, name, description, dtype, experience_id) values (338, 'Bloomberg Terminal', 'Fusce consequat. Nulla nisl. Nunc nisl.', 'Event', 85);
insert into experience (id, name, description, dtype, experience_id) values (339, 'MIS', 'Vestibulum ante ipsum primis in faucibus orci luctus et ultrices posuere cubilia Curae; Donec pharetra, magna vestibulum aliquet ultrices, erat tortor sollicitudin mi, sit amet lobortis sapien sapien non mi. Integer ac neque.', 'Event', 99);
insert into experience (id, name, description, dtype, experience_id) values (340, 'Attorneys', 'Sed sagittis.', 'Event', 43);
insert into experience (id, name, description, dtype, experience_id) values (341, 'After Effects', 'Quisque porta volutpat erat. Quisque erat eros, viverra eget, congue eget, semper rutrum, nulla.', 'Event', 99);
insert into experience (id, name, description, dtype, experience_id) values (342, 'ebXML', 'Nullam orci pede, venenatis non, sodales sed, tincidunt eu, felis. Fusce posuere felis sed lacus. Morbi sem mauris, laoreet ut, rhoncus aliquet, pulvinar sed, nisl.', 'Event', 4);
insert into experience (id, name, description, dtype, experience_id) values (343, 'Islamic Finance', 'Maecenas tincidunt lacus at velit. Vivamus vel nulla eget eros elementum pellentesque.', 'Event', 3);
insert into experience (id, name, description, dtype, experience_id) values (344, 'NVQs', 'Integer ac neque. Duis bibendum.', 'Event', 22);
insert into experience (id, name, description, dtype, experience_id) values (345, 'Civil Engineering', 'Etiam faucibus cursus urna.', 'Event', 39);
insert into experience (id, name, description, dtype, experience_id) values (346, 'GFP', 'Etiam justo. Etiam pretium iaculis justo. In hac habitasse platea dictumst.', 'Event', 87);
insert into experience (id, name, description, dtype, experience_id) values (347, 'Piano Education', 'Integer ac neque. Duis bibendum.', 'Event', 20);
insert into experience (id, name, description, dtype, experience_id) values (348, 'Union Avoidance', 'Vivamus vel nulla eget eros elementum pellentesque. Quisque porta volutpat erat. Quisque erat eros, viverra eget, congue eget, semper rutrum, nulla.', 'Event', 42);
insert into experience (id, name, description, dtype, experience_id) values (349, 'Academic Tutoring', 'Integer pede justo, lacinia eget, tincidunt eget, tempus vel, pede. Morbi porttitor lorem id ligula.', 'Event', 65);
insert into experience (id, name, description, dtype, experience_id) values (350, 'Biomedical Engineering', 'Nam ultrices, libero non mattis pulvinar, nulla pede ullamcorper augue, a suscipit nulla elit ac nulla. Sed vel enim sit amet nunc viverra dapibus.', 'Event', 90);
insert into experience (id, name, description, dtype, experience_id) values (351, 'HMIs', 'Duis bibendum, felis sed interdum venenatis, turpis enim blandit mi, in porttitor pede justo eu massa. Donec dapibus.', 'Event', 8);
insert into experience (id, name, description, dtype, experience_id) values (352, 'FM/2', 'Cras in purus eu magna vulputate luctus.', 'Event', 92);
insert into experience (id, name, description, dtype, experience_id) values (353, 'Urban Studies', 'Fusce congue, diam id ornare imperdiet, sapien urna pretium nisl, ut volutpat sapien arcu sed augue.', 'Event', 37);
insert into experience (id, name, description, dtype, experience_id) values (354, 'UCaaS', 'Vestibulum ante ipsum primis in faucibus orci luctus et ultrices posuere cubilia Curae; Mauris viverra diam vitae quam. Suspendisse potenti. Nullam porttitor lacus at turpis.', 'Event', 99);
insert into experience (id, name, description, dtype, experience_id) values (355, 'AWS CWI', 'Aenean fermentum. Donec ut mauris eget massa tempor convallis. Nulla neque libero, convallis eget, eleifend luctus, ultricies eu, nibh.', 'Event', 73);
insert into experience (id, name, description, dtype, experience_id) values (356, 'CP', 'Cras non velit nec nisi vulputate nonummy.', 'Event', 86);
insert into experience (id, name, description, dtype, experience_id) values (357, 'Sheet Metal', 'Aliquam sit amet diam in magna bibendum imperdiet.', 'Event', 30);
insert into experience (id, name, description, dtype, experience_id) values (358, 'International Real Estate', 'Cum sociis natoque penatibus et magnis dis parturient montes, nascetur ridiculus mus.', 'Event', 60);
insert into experience (id, name, description, dtype, experience_id) values (359, 'GMDSS', 'Nulla ut erat id mauris vulputate elementum. Nullam varius.', 'Event', 70);
insert into experience (id, name, description, dtype, experience_id) values (360, 'DLX', 'Morbi vestibulum, velit id pretium iaculis, diam erat fermentum justo, nec condimentum neque sapien placerat ante.', 'Event', 16);
insert into experience (id, name, description, dtype, experience_id) values (361, 'CBORD', 'Integer non velit.', 'Event', 37);
insert into experience (id, name, description, dtype, experience_id) values (362, 'Oxides', 'Vestibulum ante ipsum primis in faucibus orci luctus et ultrices posuere cubilia Curae; Donec pharetra, magna vestibulum aliquet ultrices, erat tortor sollicitudin mi, sit amet lobortis sapien sapien non mi.', 'Event', 57);
insert into experience (id, name, description, dtype, experience_id) values (363, 'LDPC', 'Vestibulum rutrum rutrum neque. Aenean auctor gravida sem. Praesent id massa id nisl venenatis lacinia.', 'Event', 75);
insert into experience (id, name, description, dtype, experience_id) values (364, 'ODM management', 'Morbi vestibulum, velit id pretium iaculis, diam erat fermentum justo, nec condimentum neque sapien placerat ante.', 'Event', 63);
insert into experience (id, name, description, dtype, experience_id) values (365, 'Marketing Strategy', 'Phasellus id sapien in sapien iaculis congue. Vivamus metus arcu, adipiscing molestie, hendrerit at, vulputate vitae, nisl. Aenean lectus.', 'Event', 92);
insert into experience (id, name, description, dtype, experience_id) values (366, 'CTIOS', 'Morbi non quam nec dui luctus rutrum.', 'Event', 34);
insert into experience (id, name, description, dtype, experience_id) values (367, 'Yellow Pages', 'In eleifend quam a odio.', 'Event', 77);
insert into experience (id, name, description, dtype, experience_id) values (368, 'Gypsum', 'Cras pellentesque volutpat dui.', 'Event', 95);
insert into experience (id, name, description, dtype, experience_id) values (369, 'Design for Manufacturing', 'Nullam porttitor lacus at turpis.', 'Event', 9);
insert into experience (id, name, description, dtype, experience_id) values (370, 'EEO/AA Compliance', 'Nam nulla. Integer pede justo, lacinia eget, tincidunt eget, tempus vel, pede. Morbi porttitor lorem id ligula.', 'Event', 91);
insert into experience (id, name, description, dtype, experience_id) values (371, 'Black Belt', 'Morbi non lectus. Aliquam sit amet diam in magna bibendum imperdiet.', 'Event', 42);
insert into experience (id, name, description, dtype, experience_id) values (372, 'Smartphones', 'Vestibulum quam sapien, varius ut, blandit non, interdum in, ante. Vestibulum ante ipsum primis in faucibus orci luctus et ultrices posuere cubilia Curae; Duis faucibus accumsan odio.', 'Event', 66);
insert into experience (id, name, description, dtype, experience_id) values (373, 'Skin', 'Duis bibendum.', 'Event', 35);
insert into experience (id, name, description, dtype, experience_id) values (374, 'Microsoft Dynamics AX', 'Ut at dolor quis odio consequat varius. Integer ac leo.', 'Event', 86);
insert into experience (id, name, description, dtype, experience_id) values (375, 'Fashion Buying', 'Aliquam erat volutpat. In congue. Etiam justo.', 'Event', 12);
insert into experience (id, name, description, dtype, experience_id) values (376, 'Microsoft Exchange', 'Donec vitae nisi. Nam ultrices, libero non mattis pulvinar, nulla pede ullamcorper augue, a suscipit nulla elit ac nulla.', 'Event', 9);
insert into experience (id, name, description, dtype, experience_id) values (377, 'PnL', 'Integer ac leo.', 'Event', 8);
insert into experience (id, name, description, dtype, experience_id) values (378, 'TLC', 'Nulla nisl. Nunc nisl.', 'Event', 48);
insert into experience (id, name, description, dtype, experience_id) values (379, 'Type 1 Diabetes', 'Vivamus tortor. Duis mattis egestas metus. Aenean fermentum.', 'Event', 74);
insert into experience (id, name, description, dtype, experience_id) values (380, 'Orchestral Music', 'Proin leo odio, porttitor id, consequat in, consequat ut, nulla. Sed accumsan felis. Ut at dolor quis odio consequat varius.', 'Event', 35);
insert into experience (id, name, description, dtype, experience_id) values (381, 'Process Automation', 'Duis bibendum, felis sed interdum venenatis, turpis enim blandit mi, in porttitor pede justo eu massa. Donec dapibus.', 'Event', 47);
insert into experience (id, name, description, dtype, experience_id) values (382, 'UVM', 'Sed ante. Vivamus tortor.', 'Event', 28);
insert into experience (id, name, description, dtype, experience_id) values (383, 'NAS', 'Nulla nisl.', 'Event', 73);
insert into experience (id, name, description, dtype, experience_id) values (384, 'Following Up', 'Morbi odio odio, elementum eu, interdum eu, tincidunt in, leo. Maecenas pulvinar lobortis est.', 'Event', 79);
insert into experience (id, name, description, dtype, experience_id) values (385, 'DBI', 'Nullam molestie nibh in lectus. Pellentesque at nulla. Suspendisse potenti.', 'Event', 20);
insert into experience (id, name, description, dtype, experience_id) values (386, 'Slate', 'Integer ac leo.', 'Event', 15);
insert into experience (id, name, description, dtype, experience_id) values (387, 'Guided Tours', 'Proin leo odio, porttitor id, consequat in, consequat ut, nulla.', 'Event', 81);
insert into experience (id, name, description, dtype, experience_id) values (388, 'iOS Design', 'Vivamus in felis eu sapien cursus vestibulum.', 'Event', 21);
insert into experience (id, name, description, dtype, experience_id) values (389, 'JProfiler', 'Aliquam augue quam, sollicitudin vitae, consectetuer eget, rutrum at, lorem. Integer tincidunt ante vel ipsum.', 'Event', 94);
insert into experience (id, name, description, dtype, experience_id) values (390, 'Rail', 'Pellentesque viverra pede ac diam.', 'Event', 73);
insert into experience (id, name, description, dtype, experience_id) values (391, 'Umbrella Insurance', 'Donec diam neque, vestibulum eget, vulputate ut, ultrices vel, augue. Vestibulum ante ipsum primis in faucibus orci luctus et ultrices posuere cubilia Curae; Donec pharetra, magna vestibulum aliquet ultrices, erat tortor sollicitudin mi, sit amet lobortis sapien sapien non mi.', 'Event', 43);
insert into experience (id, name, description, dtype, experience_id) values (392, 'Food', 'Duis mattis egestas metus. Aenean fermentum. Donec ut mauris eget massa tempor convallis.', 'Event', 44);
insert into experience (id, name, description, dtype, experience_id) values (393, 'JBA', 'Nulla ac enim. In tempor, turpis nec euismod scelerisque, quam turpis adipiscing lorem, vitae mattis nibh ligula nec sem. Duis aliquam convallis nunc.', 'Event', 3);
insert into experience (id, name, description, dtype, experience_id) values (394, 'MPLS-TP', 'Nunc rhoncus dui vel sem. Sed sagittis.', 'Event', 56);
insert into experience (id, name, description, dtype, experience_id) values (395, 'Eggplant', 'Proin interdum mauris non ligula pellentesque ultrices.', 'Event', 16);
insert into experience (id, name, description, dtype, experience_id) values (396, 'WFL', 'Morbi a ipsum. Integer a nibh. In quis justo.', 'Event', 84);
insert into experience (id, name, description, dtype, experience_id) values (397, 'HR Project Management', 'Aliquam erat volutpat.', 'Event', 43);
insert into experience (id, name, description, dtype, experience_id) values (398, 'RHCE', 'In quis justo.', 'Event', 25);
insert into experience (id, name, description, dtype, experience_id) values (399, 'VMware Workstation', 'Morbi non quam nec dui luctus rutrum. Nulla tellus. In sagittis dui vel nisl.', 'Event', 84);
insert into experience (id, name, description, dtype, experience_id) values (400, 'CATIA', 'Nulla tempus. Vivamus in felis eu sapien cursus vestibulum. Proin eu mi.', 'Event', 97);











-- Insert into expert
insert into expert (id, name, about, email, phone) values (1, 'Jillian Rippingale', 'In hac habitasse platea dictumst. Morbi vestibulum, velit id pretium iaculis, diam erat fermentum justo, nec condimentum neque sapien placerat ante. Nulla justo.

Aliquam quis turpis eget elit sodales scelerisque. Mauris sit amet eros. Suspendisse accumsan tortor quis turpis.', 'jrippingale0@instagram.com', '+7 734 903 2987');
insert into expert (id, name, about, email, phone) values (2, 'Ezekiel Covil', 'Aenean lectus. Pellentesque eget nunc. Donec quis orci eget orci vehicula condimentum.

Curabitur in libero ut massa volutpat convallis. Morbi odio odio, elementum eu, interdum eu, tincidunt in, leo. Maecenas pulvinar lobortis est.

Phasellus sit amet erat. Nulla tempus. Vivamus in felis eu sapien cursus vestibulum.', 'ecovil1@cargocollective.com', '+66 618 466 0869');
insert into expert (id, name, about, email, phone) values (3, 'Errick Klas', 'Quisque id justo sit amet sapien dignissim vestibulum. Vestibulum ante ipsum primis in faucibus orci luctus et ultrices posuere cubilia Curae; Nulla dapibus dolor vel est. Donec odio justo, sollicitudin ut, suscipit a, feugiat et, eros.

Vestibulum ac est lacinia nisi venenatis tristique. Fusce congue, diam id ornare imperdiet, sapien urna pretium nisl, ut volutpat sapien arcu sed augue. Aliquam erat volutpat.

In congue. Etiam justo. Etiam pretium iaculis justo.

In hac habitasse platea dictumst. Etiam faucibus cursus urna. Ut tellus.', 'eklas2@sun.com', '+86 353 611 8074');
insert into expert (id, name, about, email, phone) values (4, 'Quillan Blackly', 'Proin interdum mauris non ligula pellentesque ultrices. Phasellus id sapien in sapien iaculis congue. Vivamus metus arcu, adipiscing molestie, hendrerit at, vulputate vitae, nisl.

Aenean lectus. Pellentesque eget nunc. Donec quis orci eget orci vehicula condimentum.

Curabitur in libero ut massa volutpat convallis. Morbi odio odio, elementum eu, interdum eu, tincidunt in, leo. Maecenas pulvinar lobortis est.

Phasellus sit amet erat. Nulla tempus. Vivamus in felis eu sapien cursus vestibulum.', 'qblackly3@economist.com', '+46 459 317 1164');
insert into expert (id, name, about, email, phone) values (5, 'Allianora Foxall', 'Donec diam neque, vestibulum eget, vulputate ut, ultrices vel, augue. Vestibulum ante ipsum primis in faucibus orci luctus et ultrices posuere cubilia Curae; Donec pharetra, magna vestibulum aliquet ultrices, erat tortor sollicitudin mi, sit amet lobortis sapien sapien non mi. Integer ac neque.

Duis bibendum. Morbi non quam nec dui luctus rutrum. Nulla tellus.', 'afoxall4@tinypic.com', '+55 546 784 7396');
insert into expert (id, name, about, email, phone) values (6, 'Karl Pengelley', 'Pellentesque at nulla. Suspendisse potenti. Cras in purus eu magna vulputate luctus.

Cum sociis natoque penatibus et magnis dis parturient montes, nascetur ridiculus mus. Vivamus vestibulum sagittis sapien. Cum sociis natoque penatibus et magnis dis parturient montes, nascetur ridiculus mus.

Etiam vel augue. Vestibulum rutrum rutrum neque. Aenean auctor gravida sem.', 'kpengelley5@alexa.com', '+55 883 147 3471');
insert into expert (id, name, about, email, phone) values (7, 'Monika Sizeland', 'Quisque porta volutpat erat. Quisque erat eros, viverra eget, congue eget, semper rutrum, nulla. Nunc purus.

Phasellus in felis. Donec semper sapien a libero. Nam dui.', 'msizeland6@foxnews.com', '+46 357 272 8377');
insert into expert (id, name, about, email, phone) values (8, 'Keary Pallis', 'Lorem ipsum dolor sit amet, consectetuer adipiscing elit. Proin risus. Praesent lectus.

Vestibulum quam sapien, varius ut, blandit non, interdum in, ante. Vestibulum ante ipsum primis in faucibus orci luctus et ultrices posuere cubilia Curae; Duis faucibus accumsan odio. Curabitur convallis.', 'kpallis7@delicious.com', '+62 277 416 4324');
insert into expert (id, name, about, email, phone) values (9, 'Katerina Iskowitz', 'Vestibulum ac est lacinia nisi venenatis tristique. Fusce congue, diam id ornare imperdiet, sapien urna pretium nisl, ut volutpat sapien arcu sed augue. Aliquam erat volutpat.

In congue. Etiam justo. Etiam pretium iaculis justo.

In hac habitasse platea dictumst. Etiam faucibus cursus urna. Ut tellus.

Nulla ut erat id mauris vulputate elementum. Nullam varius. Nulla facilisi.', 'kiskowitz8@webeden.co.uk', '+63 572 490 3980');
insert into expert (id, name, about, email, phone) values (10, 'Barby Hurleston', 'Sed sagittis. Nam congue, risus semper porta volutpat, quam pede lobortis ligula, sit amet eleifend pede libero quis orci. Nullam molestie nibh in lectus.

Pellentesque at nulla. Suspendisse potenti. Cras in purus eu magna vulputate luctus.

Cum sociis natoque penatibus et magnis dis parturient montes, nascetur ridiculus mus. Vivamus vestibulum sagittis sapien. Cum sociis natoque penatibus et magnis dis parturient montes, nascetur ridiculus mus.', 'bhurleston9@t-online.de', '+256 633 503 2626');
insert into expert (id, name, about, email, phone) values (11, 'Batholomew Engelbrecht', 'In quis justo. Maecenas rhoncus aliquam lacus. Morbi quis tortor id nulla ultrices aliquet.

Maecenas leo odio, condimentum id, luctus nec, molestie sed, justo. Pellentesque viverra pede ac diam. Cras pellentesque volutpat dui.', 'bengelbrechta@naver.com', '+237 344 222 4592');
insert into expert (id, name, about, email, phone) values (12, 'Tiertza Sconce', 'Lorem ipsum dolor sit amet, consectetuer adipiscing elit. Proin risus. Praesent lectus.

Vestibulum quam sapien, varius ut, blandit non, interdum in, ante. Vestibulum ante ipsum primis in faucibus orci luctus et ultrices posuere cubilia Curae; Duis faucibus accumsan odio. Curabitur convallis.

Duis consequat dui nec nisi volutpat eleifend. Donec ut dolor. Morbi vel lectus in quam fringilla rhoncus.', 'tsconceb@cmu.edu', '+1 706 818 9999');
insert into expert (id, name, about, email, phone) values (13, 'Cozmo Ballay', 'Quisque porta volutpat erat. Quisque erat eros, viverra eget, congue eget, semper rutrum, nulla. Nunc purus.

Phasellus in felis. Donec semper sapien a libero. Nam dui.

Proin leo odio, porttitor id, consequat in, consequat ut, nulla. Sed accumsan felis. Ut at dolor quis odio consequat varius.', 'cballayc@example.com', '+7 577 753 6570');
insert into expert (id, name, about, email, phone) values (14, 'Darice Scheffel', 'Nulla ut erat id mauris vulputate elementum. Nullam varius. Nulla facilisi.

Cras non velit nec nisi vulputate nonummy. Maecenas tincidunt lacus at velit. Vivamus vel nulla eget eros elementum pellentesque.

Quisque porta volutpat erat. Quisque erat eros, viverra eget, congue eget, semper rutrum, nulla. Nunc purus.

Phasellus in felis. Donec semper sapien a libero. Nam dui.', 'dscheffeld@cnet.com', '+968 610 393 7312');
insert into expert (id, name, about, email, phone) values (15, 'Mercie Klugel', 'Maecenas tristique, est et tempus semper, est quam pharetra magna, ac consequat metus sapien ut nunc. Vestibulum ante ipsum primis in faucibus orci luctus et ultrices posuere cubilia Curae; Mauris viverra diam vitae quam. Suspendisse potenti.

Nullam porttitor lacus at turpis. Donec posuere metus vitae ipsum. Aliquam non mauris.

Morbi non lectus. Aliquam sit amet diam in magna bibendum imperdiet. Nullam orci pede, venenatis non, sodales sed, tincidunt eu, felis.', 'mklugele@paypal.com', '+30 924 240 4155');
insert into expert (id, name, about, email, phone) values (16, 'Oran Cabrer', 'Maecenas leo odio, condimentum id, luctus nec, molestie sed, justo. Pellentesque viverra pede ac diam. Cras pellentesque volutpat dui.

Maecenas tristique, est et tempus semper, est quam pharetra magna, ac consequat metus sapien ut nunc. Vestibulum ante ipsum primis in faucibus orci luctus et ultrices posuere cubilia Curae; Mauris viverra diam vitae quam. Suspendisse potenti.

Nullam porttitor lacus at turpis. Donec posuere metus vitae ipsum. Aliquam non mauris.

Morbi non lectus. Aliquam sit amet diam in magna bibendum imperdiet. Nullam orci pede, venenatis non, sodales sed, tincidunt eu, felis.', 'ocabrerf@oaic.gov.au', '+86 489 737 3317');
insert into expert (id, name, about, email, phone) values (17, 'Dena Meneghi', 'Cum sociis natoque penatibus et magnis dis parturient montes, nascetur ridiculus mus. Vivamus vestibulum sagittis sapien. Cum sociis natoque penatibus et magnis dis parturient montes, nascetur ridiculus mus.

Etiam vel augue. Vestibulum rutrum rutrum neque. Aenean auctor gravida sem.', 'dmeneghig@altervista.org', '+237 325 224 1812');
insert into expert (id, name, about, email, phone) values (18, 'Temple Imlacke', 'Duis bibendum, felis sed interdum venenatis, turpis enim blandit mi, in porttitor pede justo eu massa. Donec dapibus. Duis at velit eu est congue elementum.

In hac habitasse platea dictumst. Morbi vestibulum, velit id pretium iaculis, diam erat fermentum justo, nec condimentum neque sapien placerat ante. Nulla justo.

Aliquam quis turpis eget elit sodales scelerisque. Mauris sit amet eros. Suspendisse accumsan tortor quis turpis.

Sed ante. Vivamus tortor. Duis mattis egestas metus.', 'timlackeh@jugem.jp', '+46 192 682 0193');
insert into expert (id, name, about, email, phone) values (19, 'Stanleigh Rough', 'Quisque id justo sit amet sapien dignissim vestibulum. Vestibulum ante ipsum primis in faucibus orci luctus et ultrices posuere cubilia Curae; Nulla dapibus dolor vel est. Donec odio justo, sollicitudin ut, suscipit a, feugiat et, eros.

Vestibulum ac est lacinia nisi venenatis tristique. Fusce congue, diam id ornare imperdiet, sapien urna pretium nisl, ut volutpat sapien arcu sed augue. Aliquam erat volutpat.

In congue. Etiam justo. Etiam pretium iaculis justo.', 'sroughi@prnewswire.com', '+46 589 485 8902');
insert into expert (id, name, about, email, phone) values (20, 'Philomena Inman', 'In hac habitasse platea dictumst. Morbi vestibulum, velit id pretium iaculis, diam erat fermentum justo, nec condimentum neque sapien placerat ante. Nulla justo.

Aliquam quis turpis eget elit sodales scelerisque. Mauris sit amet eros. Suspendisse accumsan tortor quis turpis.', 'pinmanj@smugmug.com', '+7 677 940 4041');
insert into expert (id, name, about, email, phone) values (21, 'Becca Tillot', 'Praesent id massa id nisl venenatis lacinia. Aenean sit amet justo. Morbi ut odio.

Cras mi pede, malesuada in, imperdiet et, commodo vulputate, justo. In blandit ultrices enim. Lorem ipsum dolor sit amet, consectetuer adipiscing elit.

Proin interdum mauris non ligula pellentesque ultrices. Phasellus id sapien in sapien iaculis congue. Vivamus metus arcu, adipiscing molestie, hendrerit at, vulputate vitae, nisl.', 'btillotk@dropbox.com', '+1 719 815 4000');
insert into expert (id, name, about, email, phone) values (22, 'Constantine Brissard', 'Lorem ipsum dolor sit amet, consectetuer adipiscing elit. Proin risus. Praesent lectus.

Vestibulum quam sapien, varius ut, blandit non, interdum in, ante. Vestibulum ante ipsum primis in faucibus orci luctus et ultrices posuere cubilia Curae; Duis faucibus accumsan odio. Curabitur convallis.

Duis consequat dui nec nisi volutpat eleifend. Donec ut dolor. Morbi vel lectus in quam fringilla rhoncus.', 'cbrissardl@bluehost.com', '+62 827 776 6166');
insert into expert (id, name, about, email, phone) values (23, 'Sherwin Bracchi', 'Quisque porta volutpat erat. Quisque erat eros, viverra eget, congue eget, semper rutrum, nulla. Nunc purus.

Phasellus in felis. Donec semper sapien a libero. Nam dui.

Proin leo odio, porttitor id, consequat in, consequat ut, nulla. Sed accumsan felis. Ut at dolor quis odio consequat varius.', 'sbracchim@google.ru', '+381 434 501 2204');
insert into expert (id, name, about, email, phone) values (24, 'Rosa Kamena', 'Curabitur in libero ut massa volutpat convallis. Morbi odio odio, elementum eu, interdum eu, tincidunt in, leo. Maecenas pulvinar lobortis est.

Phasellus sit amet erat. Nulla tempus. Vivamus in felis eu sapien cursus vestibulum.

Proin eu mi. Nulla ac enim. In tempor, turpis nec euismod scelerisque, quam turpis adipiscing lorem, vitae mattis nibh ligula nec sem.

Duis aliquam convallis nunc. Proin at turpis a pede posuere nonummy. Integer non velit.', 'rkamenan@quantcast.com', '+7 797 318 4438');
insert into expert (id, name, about, email, phone) values (25, 'Rip Jacquemy', 'Quisque id justo sit amet sapien dignissim vestibulum. Vestibulum ante ipsum primis in faucibus orci luctus et ultrices posuere cubilia Curae; Nulla dapibus dolor vel est. Donec odio justo, sollicitudin ut, suscipit a, feugiat et, eros.

Vestibulum ac est lacinia nisi venenatis tristique. Fusce congue, diam id ornare imperdiet, sapien urna pretium nisl, ut volutpat sapien arcu sed augue. Aliquam erat volutpat.

In congue. Etiam justo. Etiam pretium iaculis justo.

In hac habitasse platea dictumst. Etiam faucibus cursus urna. Ut tellus.', 'rjacquemyo@digg.com', '+63 147 984 3057');
insert into expert (id, name, about, email, phone) values (26, 'Vick McElvine', 'Lorem ipsum dolor sit amet, consectetuer adipiscing elit. Proin risus. Praesent lectus.

Vestibulum quam sapien, varius ut, blandit non, interdum in, ante. Vestibulum ante ipsum primis in faucibus orci luctus et ultrices posuere cubilia Curae; Duis faucibus accumsan odio. Curabitur convallis.', 'vmcelvinep@themeforest.net', '+86 572 966 8226');
insert into expert (id, name, about, email, phone) values (27, 'Cati Tetlow', 'Cras non velit nec nisi vulputate nonummy. Maecenas tincidunt lacus at velit. Vivamus vel nulla eget eros elementum pellentesque.

Quisque porta volutpat erat. Quisque erat eros, viverra eget, congue eget, semper rutrum, nulla. Nunc purus.

Phasellus in felis. Donec semper sapien a libero. Nam dui.', 'ctetlowq@wikia.com', '+86 295 441 1940');
insert into expert (id, name, about, email, phone) values (28, 'Libbey Ortet', 'Curabitur gravida nisi at nibh. In hac habitasse platea dictumst. Aliquam augue quam, sollicitudin vitae, consectetuer eget, rutrum at, lorem.

Integer tincidunt ante vel ipsum. Praesent blandit lacinia erat. Vestibulum sed magna at nunc commodo placerat.

Praesent blandit. Nam nulla. Integer pede justo, lacinia eget, tincidunt eget, tempus vel, pede.

Morbi porttitor lorem id ligula. Suspendisse ornare consequat lectus. In est risus, auctor sed, tristique in, tempus sit amet, sem.', 'lortetr@printfriendly.com', '+351 211 546 1222');
insert into expert (id, name, about, email, phone) values (29, 'Nichole Phizakarley', 'Curabitur in libero ut massa volutpat convallis. Morbi odio odio, elementum eu, interdum eu, tincidunt in, leo. Maecenas pulvinar lobortis est.

Phasellus sit amet erat. Nulla tempus. Vivamus in felis eu sapien cursus vestibulum.

Proin eu mi. Nulla ac enim. In tempor, turpis nec euismod scelerisque, quam turpis adipiscing lorem, vitae mattis nibh ligula nec sem.', 'nphizakarleys@zimbio.com', '+1 646 507 0776');
insert into expert (id, name, about, email, phone) values (30, 'Gabe Stickley', 'Vestibulum ac est lacinia nisi venenatis tristique. Fusce congue, diam id ornare imperdiet, sapien urna pretium nisl, ut volutpat sapien arcu sed augue. Aliquam erat volutpat.

In congue. Etiam justo. Etiam pretium iaculis justo.

In hac habitasse platea dictumst. Etiam faucibus cursus urna. Ut tellus.

Nulla ut erat id mauris vulputate elementum. Nullam varius. Nulla facilisi.', 'gstickleyt@irs.gov', '+976 196 236 6926');
insert into expert (id, name, about, email, phone) values (31, 'Bevon Boarleyson', 'Fusce posuere felis sed lacus. Morbi sem mauris, laoreet ut, rhoncus aliquet, pulvinar sed, nisl. Nunc rhoncus dui vel sem.

Sed sagittis. Nam congue, risus semper porta volutpat, quam pede lobortis ligula, sit amet eleifend pede libero quis orci. Nullam molestie nibh in lectus.

Pellentesque at nulla. Suspendisse potenti. Cras in purus eu magna vulputate luctus.', 'bboarleysonu@pbs.org', '+234 269 168 9570');
insert into expert (id, name, about, email, phone) values (32, 'Toinette Dellatorre', 'Cum sociis natoque penatibus et magnis dis parturient montes, nascetur ridiculus mus. Vivamus vestibulum sagittis sapien. Cum sociis natoque penatibus et magnis dis parturient montes, nascetur ridiculus mus.

Etiam vel augue. Vestibulum rutrum rutrum neque. Aenean auctor gravida sem.

Praesent id massa id nisl venenatis lacinia. Aenean sit amet justo. Morbi ut odio.', 'tdellatorrev@baidu.com', '+51 838 469 7097');
insert into expert (id, name, about, email, phone) values (33, 'Reynold Eastope', 'Aenean lectus. Pellentesque eget nunc. Donec quis orci eget orci vehicula condimentum.

Curabitur in libero ut massa volutpat convallis. Morbi odio odio, elementum eu, interdum eu, tincidunt in, leo. Maecenas pulvinar lobortis est.

Phasellus sit amet erat. Nulla tempus. Vivamus in felis eu sapien cursus vestibulum.', 'reastopew@earthlink.net', '+86 575 706 7940');
insert into expert (id, name, about, email, phone) values (34, 'Cissy Penhaligon', 'Cras non velit nec nisi vulputate nonummy. Maecenas tincidunt lacus at velit. Vivamus vel nulla eget eros elementum pellentesque.

Quisque porta volutpat erat. Quisque erat eros, viverra eget, congue eget, semper rutrum, nulla. Nunc purus.', 'cpenhaligonx@google.de', '+92 774 269 0093');
insert into expert (id, name, about, email, phone) values (35, 'Sandye Eve', 'Nam ultrices, libero non mattis pulvinar, nulla pede ullamcorper augue, a suscipit nulla elit ac nulla. Sed vel enim sit amet nunc viverra dapibus. Nulla suscipit ligula in lacus.

Curabitur at ipsum ac tellus semper interdum. Mauris ullamcorper purus sit amet nulla. Quisque arcu libero, rutrum ac, lobortis vel, dapibus at, diam.', 'sevey@amazon.de', '+81 857 951 1248');
insert into expert (id, name, about, email, phone) values (36, 'Jessee Caldecott', 'Cras mi pede, malesuada in, imperdiet et, commodo vulputate, justo. In blandit ultrices enim. Lorem ipsum dolor sit amet, consectetuer adipiscing elit.

Proin interdum mauris non ligula pellentesque ultrices. Phasellus id sapien in sapien iaculis congue. Vivamus metus arcu, adipiscing molestie, hendrerit at, vulputate vitae, nisl.

Aenean lectus. Pellentesque eget nunc. Donec quis orci eget orci vehicula condimentum.', 'jcaldecottz@google.com', '+48 864 781 0394');
insert into expert (id, name, about, email, phone) values (37, 'Doloritas Huygens', 'Nulla ut erat id mauris vulputate elementum. Nullam varius. Nulla facilisi.

Cras non velit nec nisi vulputate nonummy. Maecenas tincidunt lacus at velit. Vivamus vel nulla eget eros elementum pellentesque.', 'dhuygens10@archive.org', '+351 270 611 6966');
insert into expert (id, name, about, email, phone) values (38, 'Willa Eakins', 'Proin eu mi. Nulla ac enim. In tempor, turpis nec euismod scelerisque, quam turpis adipiscing lorem, vitae mattis nibh ligula nec sem.

Duis aliquam convallis nunc. Proin at turpis a pede posuere nonummy. Integer non velit.

Donec diam neque, vestibulum eget, vulputate ut, ultrices vel, augue. Vestibulum ante ipsum primis in faucibus orci luctus et ultrices posuere cubilia Curae; Donec pharetra, magna vestibulum aliquet ultrices, erat tortor sollicitudin mi, sit amet lobortis sapien sapien non mi. Integer ac neque.

Duis bibendum. Morbi non quam nec dui luctus rutrum. Nulla tellus.', 'weakins11@acquirethisname.com', '+45 642 477 4970');
insert into expert (id, name, about, email, phone) values (39, 'Ellissa Slym', 'Proin interdum mauris non ligula pellentesque ultrices. Phasellus id sapien in sapien iaculis congue. Vivamus metus arcu, adipiscing molestie, hendrerit at, vulputate vitae, nisl.

Aenean lectus. Pellentesque eget nunc. Donec quis orci eget orci vehicula condimentum.', 'eslym12@washingtonpost.com', '+62 863 979 1893');
insert into expert (id, name, about, email, phone) values (40, 'Vale Beadman', 'Aenean lectus. Pellentesque eget nunc. Donec quis orci eget orci vehicula condimentum.

Curabitur in libero ut massa volutpat convallis. Morbi odio odio, elementum eu, interdum eu, tincidunt in, leo. Maecenas pulvinar lobortis est.', 'vbeadman13@ocn.ne.jp', '+351 648 231 9676');
insert into expert (id, name, about, email, phone) values (41, 'Ludvig Charrisson', 'Integer tincidunt ante vel ipsum. Praesent blandit lacinia erat. Vestibulum sed magna at nunc commodo placerat.

Praesent blandit. Nam nulla. Integer pede justo, lacinia eget, tincidunt eget, tempus vel, pede.

Morbi porttitor lorem id ligula. Suspendisse ornare consequat lectus. In est risus, auctor sed, tristique in, tempus sit amet, sem.

Fusce consequat. Nulla nisl. Nunc nisl.', 'lcharrisson14@washington.edu', '+251 956 186 3858');
insert into expert (id, name, about, email, phone) values (42, 'Dyann Tunesi', 'Proin interdum mauris non ligula pellentesque ultrices. Phasellus id sapien in sapien iaculis congue. Vivamus metus arcu, adipiscing molestie, hendrerit at, vulputate vitae, nisl.

Aenean lectus. Pellentesque eget nunc. Donec quis orci eget orci vehicula condimentum.', 'dtunesi15@mapy.cz', '+353 609 815 5740');
insert into expert (id, name, about, email, phone) values (43, 'Keefer Telega', 'Sed ante. Vivamus tortor. Duis mattis egestas metus.

Aenean fermentum. Donec ut mauris eget massa tempor convallis. Nulla neque libero, convallis eget, eleifend luctus, ultricies eu, nibh.

Quisque id justo sit amet sapien dignissim vestibulum. Vestibulum ante ipsum primis in faucibus orci luctus et ultrices posuere cubilia Curae; Nulla dapibus dolor vel est. Donec odio justo, sollicitudin ut, suscipit a, feugiat et, eros.

Vestibulum ac est lacinia nisi venenatis tristique. Fusce congue, diam id ornare imperdiet, sapien urna pretium nisl, ut volutpat sapien arcu sed augue. Aliquam erat volutpat.', 'ktelega16@phpbb.com', '+81 734 232 6468');
insert into expert (id, name, about, email, phone) values (44, 'Luisa Cuckoo', 'Lorem ipsum dolor sit amet, consectetuer adipiscing elit. Proin risus. Praesent lectus.

Vestibulum quam sapien, varius ut, blandit non, interdum in, ante. Vestibulum ante ipsum primis in faucibus orci luctus et ultrices posuere cubilia Curae; Duis faucibus accumsan odio. Curabitur convallis.', 'lcuckoo17@pinterest.com', '+420 305 269 2638');
insert into expert (id, name, about, email, phone) values (45, 'Lazarus Patrickson', 'Cras mi pede, malesuada in, imperdiet et, commodo vulputate, justo. In blandit ultrices enim. Lorem ipsum dolor sit amet, consectetuer adipiscing elit.

Proin interdum mauris non ligula pellentesque ultrices. Phasellus id sapien in sapien iaculis congue. Vivamus metus arcu, adipiscing molestie, hendrerit at, vulputate vitae, nisl.', 'lpatrickson18@utexas.edu', '+355 575 220 1802');
insert into expert (id, name, about, email, phone) values (46, 'Camile Clapp', 'Curabitur gravida nisi at nibh. In hac habitasse platea dictumst. Aliquam augue quam, sollicitudin vitae, consectetuer eget, rutrum at, lorem.

Integer tincidunt ante vel ipsum. Praesent blandit lacinia erat. Vestibulum sed magna at nunc commodo placerat.', 'cclapp19@narod.ru', '+52 503 213 4413');
insert into expert (id, name, about, email, phone) values (47, 'Ianthe Yashaev', 'Cras non velit nec nisi vulputate nonummy. Maecenas tincidunt lacus at velit. Vivamus vel nulla eget eros elementum pellentesque.

Quisque porta volutpat erat. Quisque erat eros, viverra eget, congue eget, semper rutrum, nulla. Nunc purus.', 'iyashaev1a@vimeo.com', '+380 514 678 3556');
insert into expert (id, name, about, email, phone) values (48, 'Carolynn Pinn', 'Curabitur gravida nisi at nibh. In hac habitasse platea dictumst. Aliquam augue quam, sollicitudin vitae, consectetuer eget, rutrum at, lorem.

Integer tincidunt ante vel ipsum. Praesent blandit lacinia erat. Vestibulum sed magna at nunc commodo placerat.

Praesent blandit. Nam nulla. Integer pede justo, lacinia eget, tincidunt eget, tempus vel, pede.', 'cpinn1b@timesonline.co.uk', '+62 183 425 8829');
insert into expert (id, name, about, email, phone) values (49, 'Guglielma Mouget', 'Aenean fermentum. Donec ut mauris eget massa tempor convallis. Nulla neque libero, convallis eget, eleifend luctus, ultricies eu, nibh.

Quisque id justo sit amet sapien dignissim vestibulum. Vestibulum ante ipsum primis in faucibus orci luctus et ultrices posuere cubilia Curae; Nulla dapibus dolor vel est. Donec odio justo, sollicitudin ut, suscipit a, feugiat et, eros.

Vestibulum ac est lacinia nisi venenatis tristique. Fusce congue, diam id ornare imperdiet, sapien urna pretium nisl, ut volutpat sapien arcu sed augue. Aliquam erat volutpat.', 'gmouget1c@tumblr.com', '+30 633 307 5185');
insert into expert (id, name, about, email, phone) values (50, 'Dorris Kirtley', 'Pellentesque at nulla. Suspendisse potenti. Cras in purus eu magna vulputate luctus.

Cum sociis natoque penatibus et magnis dis parturient montes, nascetur ridiculus mus. Vivamus vestibulum sagittis sapien. Cum sociis natoque penatibus et magnis dis parturient montes, nascetur ridiculus mus.

Etiam vel augue. Vestibulum rutrum rutrum neque. Aenean auctor gravida sem.', 'dkirtley1d@reuters.com', '+381 868 352 7053');
insert into expert (id, name, about, email, phone) values (51, 'Holmes Jendrach', 'Curabitur in libero ut massa volutpat convallis. Morbi odio odio, elementum eu, interdum eu, tincidunt in, leo. Maecenas pulvinar lobortis est.

Phasellus sit amet erat. Nulla tempus. Vivamus in felis eu sapien cursus vestibulum.', 'hjendrach1e@examiner.com', '+54 165 577 1515');
insert into expert (id, name, about, email, phone) values (52, 'Tris Harman', 'Cras mi pede, malesuada in, imperdiet et, commodo vulputate, justo. In blandit ultrices enim. Lorem ipsum dolor sit amet, consectetuer adipiscing elit.

Proin interdum mauris non ligula pellentesque ultrices. Phasellus id sapien in sapien iaculis congue. Vivamus metus arcu, adipiscing molestie, hendrerit at, vulputate vitae, nisl.

Aenean lectus. Pellentesque eget nunc. Donec quis orci eget orci vehicula condimentum.', 'tharman1f@hc360.com', '+63 571 966 6997');
insert into expert (id, name, about, email, phone) values (53, 'Bard Jeckell', 'Praesent id massa id nisl venenatis lacinia. Aenean sit amet justo. Morbi ut odio.

Cras mi pede, malesuada in, imperdiet et, commodo vulputate, justo. In blandit ultrices enim. Lorem ipsum dolor sit amet, consectetuer adipiscing elit.', 'bjeckell1g@oaic.gov.au', '+63 896 855 9367');
insert into expert (id, name, about, email, phone) values (54, 'Bebe Batalle', 'Donec diam neque, vestibulum eget, vulputate ut, ultrices vel, augue. Vestibulum ante ipsum primis in faucibus orci luctus et ultrices posuere cubilia Curae; Donec pharetra, magna vestibulum aliquet ultrices, erat tortor sollicitudin mi, sit amet lobortis sapien sapien non mi. Integer ac neque.

Duis bibendum. Morbi non quam nec dui luctus rutrum. Nulla tellus.', 'bbatalle1h@people.com.cn', '+86 453 206 2467');
insert into expert (id, name, about, email, phone) values (55, 'Neron Clunie', 'Vestibulum quam sapien, varius ut, blandit non, interdum in, ante. Vestibulum ante ipsum primis in faucibus orci luctus et ultrices posuere cubilia Curae; Duis faucibus accumsan odio. Curabitur convallis.

Duis consequat dui nec nisi volutpat eleifend. Donec ut dolor. Morbi vel lectus in quam fringilla rhoncus.', 'nclunie1i@utexas.edu', '+972 823 508 9463');
insert into expert (id, name, about, email, phone) values (56, 'Tiler Lark', 'Morbi porttitor lorem id ligula. Suspendisse ornare consequat lectus. In est risus, auctor sed, tristique in, tempus sit amet, sem.

Fusce consequat. Nulla nisl. Nunc nisl.', 'tlark1j@phpbb.com', '+48 953 216 7854');
insert into expert (id, name, about, email, phone) values (57, 'Tillie Kulas', 'Nullam porttitor lacus at turpis. Donec posuere metus vitae ipsum. Aliquam non mauris.

Morbi non lectus. Aliquam sit amet diam in magna bibendum imperdiet. Nullam orci pede, venenatis non, sodales sed, tincidunt eu, felis.

Fusce posuere felis sed lacus. Morbi sem mauris, laoreet ut, rhoncus aliquet, pulvinar sed, nisl. Nunc rhoncus dui vel sem.', 'tkulas1k@tuttocitta.it', '+86 716 102 4355');
insert into expert (id, name, about, email, phone) values (58, 'Marylin Huyche', 'Duis aliquam convallis nunc. Proin at turpis a pede posuere nonummy. Integer non velit.

Donec diam neque, vestibulum eget, vulputate ut, ultrices vel, augue. Vestibulum ante ipsum primis in faucibus orci luctus et ultrices posuere cubilia Curae; Donec pharetra, magna vestibulum aliquet ultrices, erat tortor sollicitudin mi, sit amet lobortis sapien sapien non mi. Integer ac neque.

Duis bibendum. Morbi non quam nec dui luctus rutrum. Nulla tellus.', 'mhuyche1l@elegantthemes.com', '+351 253 692 4423');
insert into expert (id, name, about, email, phone) values (59, 'Gayler Haggas', 'In sagittis dui vel nisl. Duis ac nibh. Fusce lacus purus, aliquet at, feugiat non, pretium quis, lectus.

Suspendisse potenti. In eleifend quam a odio. In hac habitasse platea dictumst.

Maecenas ut massa quis augue luctus tincidunt. Nulla mollis molestie lorem. Quisque ut erat.', 'ghaggas1m@reference.com', '+62 185 472 5895');
insert into expert (id, name, about, email, phone) values (60, 'Lolly Cashen', 'Integer tincidunt ante vel ipsum. Praesent blandit lacinia erat. Vestibulum sed magna at nunc commodo placerat.

Praesent blandit. Nam nulla. Integer pede justo, lacinia eget, tincidunt eget, tempus vel, pede.

Morbi porttitor lorem id ligula. Suspendisse ornare consequat lectus. In est risus, auctor sed, tristique in, tempus sit amet, sem.', 'lcashen1n@ted.com', '+254 156 383 4151');
insert into expert (id, name, about, email, phone) values (61, 'Leticia Rennison', 'Vestibulum quam sapien, varius ut, blandit non, interdum in, ante. Vestibulum ante ipsum primis in faucibus orci luctus et ultrices posuere cubilia Curae; Duis faucibus accumsan odio. Curabitur convallis.

Duis consequat dui nec nisi volutpat eleifend. Donec ut dolor. Morbi vel lectus in quam fringilla rhoncus.

Mauris enim leo, rhoncus sed, vestibulum sit amet, cursus id, turpis. Integer aliquet, massa id lobortis convallis, tortor risus dapibus augue, vel accumsan tellus nisi eu orci. Mauris lacinia sapien quis libero.

Nullam sit amet turpis elementum ligula vehicula consequat. Morbi a ipsum. Integer a nibh.', 'lrennison1o@wiley.com', '+963 980 542 5423');
insert into expert (id, name, about, email, phone) values (62, 'Evie Bartlomiejczyk', 'Suspendisse potenti. In eleifend quam a odio. In hac habitasse platea dictumst.

Maecenas ut massa quis augue luctus tincidunt. Nulla mollis molestie lorem. Quisque ut erat.

Curabitur gravida nisi at nibh. In hac habitasse platea dictumst. Aliquam augue quam, sollicitudin vitae, consectetuer eget, rutrum at, lorem.

Integer tincidunt ante vel ipsum. Praesent blandit lacinia erat. Vestibulum sed magna at nunc commodo placerat.', 'ebartlomiejczyk1p@indiatimes.com', '+371 635 581 8733');
insert into expert (id, name, about, email, phone) values (63, 'Cullan Groucutt', 'Phasellus sit amet erat. Nulla tempus. Vivamus in felis eu sapien cursus vestibulum.

Proin eu mi. Nulla ac enim. In tempor, turpis nec euismod scelerisque, quam turpis adipiscing lorem, vitae mattis nibh ligula nec sem.', 'cgroucutt1q@sohu.com', '+48 722 599 1153');
insert into expert (id, name, about, email, phone) values (64, 'Hanni Pavey', 'Proin eu mi. Nulla ac enim. In tempor, turpis nec euismod scelerisque, quam turpis adipiscing lorem, vitae mattis nibh ligula nec sem.

Duis aliquam convallis nunc. Proin at turpis a pede posuere nonummy. Integer non velit.', 'hpavey1r@gmpg.org', '+86 181 750 3514');
insert into expert (id, name, about, email, phone) values (65, 'Gabbey Hugonneau', 'Phasellus in felis. Donec semper sapien a libero. Nam dui.

Proin leo odio, porttitor id, consequat in, consequat ut, nulla. Sed accumsan felis. Ut at dolor quis odio consequat varius.', 'ghugonneau1s@usda.gov', '+212 597 771 0229');
insert into expert (id, name, about, email, phone) values (66, 'Guillema Michael', 'Curabitur gravida nisi at nibh. In hac habitasse platea dictumst. Aliquam augue quam, sollicitudin vitae, consectetuer eget, rutrum at, lorem.

Integer tincidunt ante vel ipsum. Praesent blandit lacinia erat. Vestibulum sed magna at nunc commodo placerat.

Praesent blandit. Nam nulla. Integer pede justo, lacinia eget, tincidunt eget, tempus vel, pede.', 'gmichael1t@github.com', '+33 502 894 8880');
insert into expert (id, name, about, email, phone) values (67, 'Melesa Mallia', 'Maecenas leo odio, condimentum id, luctus nec, molestie sed, justo. Pellentesque viverra pede ac diam. Cras pellentesque volutpat dui.

Maecenas tristique, est et tempus semper, est quam pharetra magna, ac consequat metus sapien ut nunc. Vestibulum ante ipsum primis in faucibus orci luctus et ultrices posuere cubilia Curae; Mauris viverra diam vitae quam. Suspendisse potenti.

Nullam porttitor lacus at turpis. Donec posuere metus vitae ipsum. Aliquam non mauris.

Morbi non lectus. Aliquam sit amet diam in magna bibendum imperdiet. Nullam orci pede, venenatis non, sodales sed, tincidunt eu, felis.', 'mmallia1u@wordpress.com', '+49 496 890 9324');
insert into expert (id, name, about, email, phone) values (68, 'Fionna Lofty', 'In hac habitasse platea dictumst. Morbi vestibulum, velit id pretium iaculis, diam erat fermentum justo, nec condimentum neque sapien placerat ante. Nulla justo.

Aliquam quis turpis eget elit sodales scelerisque. Mauris sit amet eros. Suspendisse accumsan tortor quis turpis.

Sed ante. Vivamus tortor. Duis mattis egestas metus.', 'flofty1v@unc.edu', '+86 319 151 8175');
insert into expert (id, name, about, email, phone) values (69, 'Scotty Slowgrove', 'Etiam vel augue. Vestibulum rutrum rutrum neque. Aenean auctor gravida sem.

Praesent id massa id nisl venenatis lacinia. Aenean sit amet justo. Morbi ut odio.', 'sslowgrove1w@ocn.ne.jp', '+7 879 486 4813');
insert into expert (id, name, about, email, phone) values (70, 'Gabe Strase', 'Aenean fermentum. Donec ut mauris eget massa tempor convallis. Nulla neque libero, convallis eget, eleifend luctus, ultricies eu, nibh.

Quisque id justo sit amet sapien dignissim vestibulum. Vestibulum ante ipsum primis in faucibus orci luctus et ultrices posuere cubilia Curae; Nulla dapibus dolor vel est. Donec odio justo, sollicitudin ut, suscipit a, feugiat et, eros.

Vestibulum ac est lacinia nisi venenatis tristique. Fusce congue, diam id ornare imperdiet, sapien urna pretium nisl, ut volutpat sapien arcu sed augue. Aliquam erat volutpat.

In congue. Etiam justo. Etiam pretium iaculis justo.', 'gstrase1x@sogou.com', '+81 710 826 8350');
insert into expert (id, name, about, email, phone) values (71, 'Babara Burcombe', 'Cras non velit nec nisi vulputate nonummy. Maecenas tincidunt lacus at velit. Vivamus vel nulla eget eros elementum pellentesque.

Quisque porta volutpat erat. Quisque erat eros, viverra eget, congue eget, semper rutrum, nulla. Nunc purus.

Phasellus in felis. Donec semper sapien a libero. Nam dui.', 'bburcombe1y@youku.com', '+966 103 569 3488');
insert into expert (id, name, about, email, phone) values (72, 'Morie Strond', 'Curabitur gravida nisi at nibh. In hac habitasse platea dictumst. Aliquam augue quam, sollicitudin vitae, consectetuer eget, rutrum at, lorem.

Integer tincidunt ante vel ipsum. Praesent blandit lacinia erat. Vestibulum sed magna at nunc commodo placerat.

Praesent blandit. Nam nulla. Integer pede justo, lacinia eget, tincidunt eget, tempus vel, pede.

Morbi porttitor lorem id ligula. Suspendisse ornare consequat lectus. In est risus, auctor sed, tristique in, tempus sit amet, sem.', 'mstrond1z@tinyurl.com', '+359 370 206 7128');
insert into expert (id, name, about, email, phone) values (73, 'Agneta Gaw', 'Proin eu mi. Nulla ac enim. In tempor, turpis nec euismod scelerisque, quam turpis adipiscing lorem, vitae mattis nibh ligula nec sem.

Duis aliquam convallis nunc. Proin at turpis a pede posuere nonummy. Integer non velit.

Donec diam neque, vestibulum eget, vulputate ut, ultrices vel, augue. Vestibulum ante ipsum primis in faucibus orci luctus et ultrices posuere cubilia Curae; Donec pharetra, magna vestibulum aliquet ultrices, erat tortor sollicitudin mi, sit amet lobortis sapien sapien non mi. Integer ac neque.

Duis bibendum. Morbi non quam nec dui luctus rutrum. Nulla tellus.', 'agaw20@amazon.co.uk', '+31 818 342 7045');
insert into expert (id, name, about, email, phone) values (74, 'Cozmo Camacho', 'Duis aliquam convallis nunc. Proin at turpis a pede posuere nonummy. Integer non velit.

Donec diam neque, vestibulum eget, vulputate ut, ultrices vel, augue. Vestibulum ante ipsum primis in faucibus orci luctus et ultrices posuere cubilia Curae; Donec pharetra, magna vestibulum aliquet ultrices, erat tortor sollicitudin mi, sit amet lobortis sapien sapien non mi. Integer ac neque.', 'ccamacho21@wiley.com', '+86 952 825 7622');
insert into expert (id, name, about, email, phone) values (75, 'Maximilian Parsell', 'Proin interdum mauris non ligula pellentesque ultrices. Phasellus id sapien in sapien iaculis congue. Vivamus metus arcu, adipiscing molestie, hendrerit at, vulputate vitae, nisl.

Aenean lectus. Pellentesque eget nunc. Donec quis orci eget orci vehicula condimentum.

Curabitur in libero ut massa volutpat convallis. Morbi odio odio, elementum eu, interdum eu, tincidunt in, leo. Maecenas pulvinar lobortis est.

Phasellus sit amet erat. Nulla tempus. Vivamus in felis eu sapien cursus vestibulum.', 'mparsell22@cnbc.com', '+380 362 978 5294');
insert into expert (id, name, about, email, phone) values (76, 'Pancho Locarno', 'Integer tincidunt ante vel ipsum. Praesent blandit lacinia erat. Vestibulum sed magna at nunc commodo placerat.

Praesent blandit. Nam nulla. Integer pede justo, lacinia eget, tincidunt eget, tempus vel, pede.', 'plocarno23@nydailynews.com', '+48 629 408 5261');
insert into expert (id, name, about, email, phone) values (77, 'Elinore Geke', 'Morbi porttitor lorem id ligula. Suspendisse ornare consequat lectus. In est risus, auctor sed, tristique in, tempus sit amet, sem.

Fusce consequat. Nulla nisl. Nunc nisl.', 'egeke24@51.la', '+86 537 651 2744');
insert into expert (id, name, about, email, phone) values (78, 'Alethea Tickel', 'Duis bibendum. Morbi non quam nec dui luctus rutrum. Nulla tellus.

In sagittis dui vel nisl. Duis ac nibh. Fusce lacus purus, aliquet at, feugiat non, pretium quis, lectus.', 'atickel25@indiegogo.com', '+55 416 671 3936');
insert into expert (id, name, about, email, phone) values (79, 'Redd MacAless', 'Proin eu mi. Nulla ac enim. In tempor, turpis nec euismod scelerisque, quam turpis adipiscing lorem, vitae mattis nibh ligula nec sem.

Duis aliquam convallis nunc. Proin at turpis a pede posuere nonummy. Integer non velit.

Donec diam neque, vestibulum eget, vulputate ut, ultrices vel, augue. Vestibulum ante ipsum primis in faucibus orci luctus et ultrices posuere cubilia Curae; Donec pharetra, magna vestibulum aliquet ultrices, erat tortor sollicitudin mi, sit amet lobortis sapien sapien non mi. Integer ac neque.', 'rmacaless26@apache.org', '+62 596 632 1768');
insert into expert (id, name, about, email, phone) values (80, 'Wit Whitters', 'In hac habitasse platea dictumst. Etiam faucibus cursus urna. Ut tellus.

Nulla ut erat id mauris vulputate elementum. Nullam varius. Nulla facilisi.

Cras non velit nec nisi vulputate nonummy. Maecenas tincidunt lacus at velit. Vivamus vel nulla eget eros elementum pellentesque.', 'wwhitters27@wunderground.com', '+62 377 241 3838');
insert into expert (id, name, about, email, phone) values (81, 'Celestine Bridat', 'Morbi porttitor lorem id ligula. Suspendisse ornare consequat lectus. In est risus, auctor sed, tristique in, tempus sit amet, sem.

Fusce consequat. Nulla nisl. Nunc nisl.

Duis bibendum, felis sed interdum venenatis, turpis enim blandit mi, in porttitor pede justo eu massa. Donec dapibus. Duis at velit eu est congue elementum.

In hac habitasse platea dictumst. Morbi vestibulum, velit id pretium iaculis, diam erat fermentum justo, nec condimentum neque sapien placerat ante. Nulla justo.', 'cbridat28@vk.com', '+233 444 805 4505');
insert into expert (id, name, about, email, phone) values (82, 'Janey Chisholm', 'Cras mi pede, malesuada in, imperdiet et, commodo vulputate, justo. In blandit ultrices enim. Lorem ipsum dolor sit amet, consectetuer adipiscing elit.

Proin interdum mauris non ligula pellentesque ultrices. Phasellus id sapien in sapien iaculis congue. Vivamus metus arcu, adipiscing molestie, hendrerit at, vulputate vitae, nisl.

Aenean lectus. Pellentesque eget nunc. Donec quis orci eget orci vehicula condimentum.', 'jchisholm29@chronoengine.com', '+62 866 736 6460');
insert into expert (id, name, about, email, phone) values (83, 'Tallou McComiskie', 'Duis consequat dui nec nisi volutpat eleifend. Donec ut dolor. Morbi vel lectus in quam fringilla rhoncus.

Mauris enim leo, rhoncus sed, vestibulum sit amet, cursus id, turpis. Integer aliquet, massa id lobortis convallis, tortor risus dapibus augue, vel accumsan tellus nisi eu orci. Mauris lacinia sapien quis libero.

Nullam sit amet turpis elementum ligula vehicula consequat. Morbi a ipsum. Integer a nibh.

In quis justo. Maecenas rhoncus aliquam lacus. Morbi quis tortor id nulla ultrices aliquet.', 'tmccomiskie2a@webs.com', '+30 736 854 6196');
insert into expert (id, name, about, email, phone) values (84, 'Emera Ruoff', 'Curabitur gravida nisi at nibh. In hac habitasse platea dictumst. Aliquam augue quam, sollicitudin vitae, consectetuer eget, rutrum at, lorem.

Integer tincidunt ante vel ipsum. Praesent blandit lacinia erat. Vestibulum sed magna at nunc commodo placerat.

Praesent blandit. Nam nulla. Integer pede justo, lacinia eget, tincidunt eget, tempus vel, pede.', 'eruoff2b@nsw.gov.au', '+63 764 308 9194');
insert into expert (id, name, about, email, phone) values (85, 'Catharine Poulsom', 'In hac habitasse platea dictumst. Morbi vestibulum, velit id pretium iaculis, diam erat fermentum justo, nec condimentum neque sapien placerat ante. Nulla justo.

Aliquam quis turpis eget elit sodales scelerisque. Mauris sit amet eros. Suspendisse accumsan tortor quis turpis.', 'cpoulsom2c@scribd.com', '+62 721 470 5264');
insert into expert (id, name, about, email, phone) values (86, 'Sonnnie Muldoon', 'Mauris enim leo, rhoncus sed, vestibulum sit amet, cursus id, turpis. Integer aliquet, massa id lobortis convallis, tortor risus dapibus augue, vel accumsan tellus nisi eu orci. Mauris lacinia sapien quis libero.

Nullam sit amet turpis elementum ligula vehicula consequat. Morbi a ipsum. Integer a nibh.', 'smuldoon2d@hc360.com', '+30 341 933 9292');
insert into expert (id, name, about, email, phone) values (87, 'Levon O''Hederscoll', 'Curabitur in libero ut massa volutpat convallis. Morbi odio odio, elementum eu, interdum eu, tincidunt in, leo. Maecenas pulvinar lobortis est.

Phasellus sit amet erat. Nulla tempus. Vivamus in felis eu sapien cursus vestibulum.', 'lohederscoll2e@psu.edu', '+86 473 219 4573');
insert into expert (id, name, about, email, phone) values (88, 'Coretta Martinetto', 'Duis consequat dui nec nisi volutpat eleifend. Donec ut dolor. Morbi vel lectus in quam fringilla rhoncus.

Mauris enim leo, rhoncus sed, vestibulum sit amet, cursus id, turpis. Integer aliquet, massa id lobortis convallis, tortor risus dapibus augue, vel accumsan tellus nisi eu orci. Mauris lacinia sapien quis libero.

Nullam sit amet turpis elementum ligula vehicula consequat. Morbi a ipsum. Integer a nibh.

In quis justo. Maecenas rhoncus aliquam lacus. Morbi quis tortor id nulla ultrices aliquet.', 'cmartinetto2f@sbwire.com', '+63 778 401 3774');
insert into expert (id, name, about, email, phone) values (89, 'Barbette Bault', 'Phasellus sit amet erat. Nulla tempus. Vivamus in felis eu sapien cursus vestibulum.

Proin eu mi. Nulla ac enim. In tempor, turpis nec euismod scelerisque, quam turpis adipiscing lorem, vitae mattis nibh ligula nec sem.', 'bbault2g@wp.com', '+62 720 704 9553');
insert into expert (id, name, about, email, phone) values (90, 'Garvy Keyser', 'Vestibulum ac est lacinia nisi venenatis tristique. Fusce congue, diam id ornare imperdiet, sapien urna pretium nisl, ut volutpat sapien arcu sed augue. Aliquam erat volutpat.

In congue. Etiam justo. Etiam pretium iaculis justo.

In hac habitasse platea dictumst. Etiam faucibus cursus urna. Ut tellus.', 'gkeyser2h@blogger.com', '+420 785 326 6359');
insert into expert (id, name, about, email, phone) values (91, 'Elianora Haquin', 'Proin leo odio, porttitor id, consequat in, consequat ut, nulla. Sed accumsan felis. Ut at dolor quis odio consequat varius.

Integer ac leo. Pellentesque ultrices mattis odio. Donec vitae nisi.', 'ehaquin2i@technorati.com', '+86 137 661 1828');
insert into expert (id, name, about, email, phone) values (92, 'York Offin', 'Fusce posuere felis sed lacus. Morbi sem mauris, laoreet ut, rhoncus aliquet, pulvinar sed, nisl. Nunc rhoncus dui vel sem.

Sed sagittis. Nam congue, risus semper porta volutpat, quam pede lobortis ligula, sit amet eleifend pede libero quis orci. Nullam molestie nibh in lectus.

Pellentesque at nulla. Suspendisse potenti. Cras in purus eu magna vulputate luctus.

Cum sociis natoque penatibus et magnis dis parturient montes, nascetur ridiculus mus. Vivamus vestibulum sagittis sapien. Cum sociis natoque penatibus et magnis dis parturient montes, nascetur ridiculus mus.', 'yoffin2j@tumblr.com', '+55 389 765 0345');
insert into expert (id, name, about, email, phone) values (93, 'Kai Padula', 'Quisque porta volutpat erat. Quisque erat eros, viverra eget, congue eget, semper rutrum, nulla. Nunc purus.

Phasellus in felis. Donec semper sapien a libero. Nam dui.

Proin leo odio, porttitor id, consequat in, consequat ut, nulla. Sed accumsan felis. Ut at dolor quis odio consequat varius.

Integer ac leo. Pellentesque ultrices mattis odio. Donec vitae nisi.', 'kpadula2k@vkontakte.ru', '+7 968 265 0673');
insert into expert (id, name, about, email, phone) values (94, 'Huntley Dyton', 'Fusce posuere felis sed lacus. Morbi sem mauris, laoreet ut, rhoncus aliquet, pulvinar sed, nisl. Nunc rhoncus dui vel sem.

Sed sagittis. Nam congue, risus semper porta volutpat, quam pede lobortis ligula, sit amet eleifend pede libero quis orci. Nullam molestie nibh in lectus.

Pellentesque at nulla. Suspendisse potenti. Cras in purus eu magna vulputate luctus.', 'hdyton2l@ifeng.com', '+86 954 443 7073');
insert into expert (id, name, about, email, phone) values (95, 'Ezri Custed', 'Aenean fermentum. Donec ut mauris eget massa tempor convallis. Nulla neque libero, convallis eget, eleifend luctus, ultricies eu, nibh.

Quisque id justo sit amet sapien dignissim vestibulum. Vestibulum ante ipsum primis in faucibus orci luctus et ultrices posuere cubilia Curae; Nulla dapibus dolor vel est. Donec odio justo, sollicitudin ut, suscipit a, feugiat et, eros.', 'ecusted2m@ft.com', '+1 305 144 2039');
insert into expert (id, name, about, email, phone) values (96, 'Beth Allright', 'Aenean lectus. Pellentesque eget nunc. Donec quis orci eget orci vehicula condimentum.

Curabitur in libero ut massa volutpat convallis. Morbi odio odio, elementum eu, interdum eu, tincidunt in, leo. Maecenas pulvinar lobortis est.

Phasellus sit amet erat. Nulla tempus. Vivamus in felis eu sapien cursus vestibulum.', 'ballright2n@pen.io', '+86 572 161 1527');
insert into expert (id, name, about, email, phone) values (97, 'Janel Reolfi', 'Quisque porta volutpat erat. Quisque erat eros, viverra eget, congue eget, semper rutrum, nulla. Nunc purus.

Phasellus in felis. Donec semper sapien a libero. Nam dui.', 'jreolfi2o@oakley.com', '+81 269 329 8923');
insert into expert (id, name, about, email, phone) values (98, 'Dionisio Aronowitz', 'Duis aliquam convallis nunc. Proin at turpis a pede posuere nonummy. Integer non velit.

Donec diam neque, vestibulum eget, vulputate ut, ultrices vel, augue. Vestibulum ante ipsum primis in faucibus orci luctus et ultrices posuere cubilia Curae; Donec pharetra, magna vestibulum aliquet ultrices, erat tortor sollicitudin mi, sit amet lobortis sapien sapien non mi. Integer ac neque.', 'daronowitz2p@dagondesign.com', '+57 712 124 5202');
insert into expert (id, name, about, email, phone) values (99, 'Jason Pascho', 'Curabitur in libero ut massa volutpat convallis. Morbi odio odio, elementum eu, interdum eu, tincidunt in, leo. Maecenas pulvinar lobortis est.

Phasellus sit amet erat. Nulla tempus. Vivamus in felis eu sapien cursus vestibulum.

Proin eu mi. Nulla ac enim. In tempor, turpis nec euismod scelerisque, quam turpis adipiscing lorem, vitae mattis nibh ligula nec sem.

Duis aliquam convallis nunc. Proin at turpis a pede posuere nonummy. Integer non velit.', 'jpascho2q@nymag.com', '+30 681 620 5889');
insert into expert (id, name, about, email, phone) values (100, 'Dall Pittam', 'Fusce consequat. Nulla nisl. Nunc nisl.

Duis bibendum, felis sed interdum venenatis, turpis enim blandit mi, in porttitor pede justo eu massa. Donec dapibus. Duis at velit eu est congue elementum.

In hac habitasse platea dictumst. Morbi vestibulum, velit id pretium iaculis, diam erat fermentum justo, nec condimentum neque sapien placerat ante. Nulla justo.', 'dpittam2r@moonfruit.com', '+380 511 178 6388');